Method,Job,AnalyzeLaunchVariance,EvaluateOverhead,MaxAbsoluteError,MaxRelativeError,MinInvokeCount,MinIterationTime,OutlierMode,Affinity,EnvironmentVariables,Jit,Platform,PowerPlanMode,Runtime,AllowVeryLargeObjects,Concurrent,CpuGroups,Force,HeapAffinitizeMask,HeapCount,NoAffinitize,RetainVm,Server,Arguments,BuildConfiguration,Clock,EngineFactory,NuGetReferences,Toolchain,IsMutator,InvocationCount,IterationCount,IterationTime,LaunchCount,MaxIterationCount,MaxWarmupIterationCount,MinIterationCount,MinWarmupIterationCount,RunStrategy,UnrollFactor,WarmupCount,Type,RowSet,Library,Mean [ns],Error [ns],StdDev [ns],Gen 0,Gen 1,Gen 2,Allocated [B]
Run,Default,False,Default,Default,Default,Default,Default,Default,11111111,Empty,RyuJit,X64,8c5e7fda-e8bf-4a96-9a85-a6e23a8c635c,.NET Core 3.0,False,True,False,True,Default,Default,False,False,False,Default,Default,Default,Default,Default,Default,Default,1,Default,Default,Default,Default,Default,Default,Default,Default,16,Default,Cesil(...)wEnum [29],DeepRows,Cesil,"4,355,876.349 ns","31,453.8810 ns","29,421.9798 ns",-,-,-,480417 B
Run,Default,False,Default,Default,Default,Default,Default,Default,11111111,Empty,RyuJit,X64,8c5e7fda-e8bf-4a96-9a85-a6e23a8c635c,.NET Core 3.0,False,True,False,True,Default,Default,False,False,False,Default,Default,Default,Default,Default,Default,Default,1,Default,Default,Default,Default,Default,Default,Default,Default,16,Default,Cesil(...)wEnum [29],DeepRows,CsvHelper,"21,841,964.224 ns","149,342.5250 ns","139,695.0906 ns",250.0000,-,-,18732946 B
Run,Default,False,Default,Default,Default,Default,Default,Default,11111111,Empty,RyuJit,X64,8c5e7fda-e8bf-4a96-9a85-a6e23a8c635c,.NET Core 3.0,False,True,False,True,Default,Default,False,False,False,Default,Default,Default,Default,Default,Default,Default,1,Default,Default,Default,Default,Default,Default,Default,Default,16,Default,Cesil(...)wEnum [29],ShallowRows,Cesil,"4,626.775 ns",16.0658 ns,15.0280 ns,0.0076,-,-,888 B
Run,Default,False,Default,Default,Default,Default,Default,Default,11111111,Empty,RyuJit,X64,8c5e7fda-e8bf-4a96-9a85-a6e23a8c635c,.NET Core 3.0,False,True,False,True,Default,Default,False,False,False,Default,Default,Default,Default,Default,Default,Default,1,Default,Default,Default,Default,Default,Default,Default,Default,16,Default,Cesil(...)wEnum [29],ShallowRows,CsvHelper,"512,491.451 ns","1,678.1818 ns","1,487.6645 ns",-,-,-,31020 B
Run,Default,False,Default,Default,Default,Default,Default,Default,11111111,Empty,RyuJit,X64,8c5e7fda-e8bf-4a96-9a85-a6e23a8c635c,.NET Core 3.0,False,True,False,True,Default,Default,False,False,False,Default,Default,Default,Default,Default,Default,Default,1,Default,Default,Default,Default,Default,Default,Default,Default,16,Default,Cesil(...)sEnum [34],DeepRows,Cesil,"3,821,266.732 ns","8,355.2955 ns","7,815.5486 ns",15.6250,-,-,1113981 B
Run,Default,False,Default,Default,Default,Default,Default,Default,11111111,Empty,RyuJit,X64,8c5e7fda-e8bf-4a96-9a85-a6e23a8c635c,.NET Core 3.0,False,True,False,True,Default,Default,False,False,False,Default,Default,Default,Default,Default,Default,Default,1,Default,Default,Default,Default,Default,Default,Default,Default,16,Default,Cesil(...)sEnum [34],DeepRows,CsvHelper,"22,621,083.480 ns","148,244.6000 ns","123,790.9550 ns",281.2500,-,-,19313749 B
Run,Default,False,Default,Default,Default,Default,Default,Default,11111111,Empty,RyuJit,X64,8c5e7fda-e8bf-4a96-9a85-a6e23a8c635c,.NET Core 3.0,False,True,False,True,Default,Default,False,False,False,Default,Default,Default,Default,Default,Default,Default,1,Default,Default,Default,Default,Default,Default,Default,Default,16,Default,Cesil(...)sEnum [34],ShallowRows,Cesil,"4,634.809 ns",11.1888 ns,10.4660 ns,0.0229,-,-,1976 B
Run,Default,False,Default,Default,Default,Default,Default,Default,11111111,Empty,RyuJit,X64,8c5e7fda-e8bf-4a96-9a85-a6e23a8c635c,.NET Core 3.0,False,True,False,True,Default,Default,False,False,False,Default,Default,Default,Default,Default,Default,Default,1,Default,Default,Default,Default,Default,Default,Default,Default,16,Default,Cesil(...)sEnum [34],ShallowRows,CsvHelper,"515,800.522 ns","3,228.6667 ns","3,020.0968 ns",-,-,-,32012 B
Run,Default,False,Default,Default,Default,Default,Default,Default,11111111,Empty,RyuJit,X64,8c5e7fda-e8bf-4a96-9a85-a6e23a8c635c,.NET Core 3.0,False,True,False,True,Default,Default,False,False,False,Default,Default,Default,Default,Default,Default,Default,1,Default,Default,Default,Default,Default,Default,Default,Default,16,Default,System.Byte,DeepRows,Cesil,"2,592,761.427 ns","4,658.5550 ns","4,129.6876 ns",-,-,-,411 B
Run,Default,False,Default,Default,Default,Default,Default,Default,11111111,Empty,RyuJit,X64,8c5e7fda-e8bf-4a96-9a85-a6e23a8c635c,.NET Core 3.0,False,True,False,True,Default,Default,False,False,False,Default,Default,Default,Default,Default,Default,Default,1,Default,Default,Default,Default,Default,Default,Default,Default,16,Default,System.Byte,DeepRows,CsvHelper,"22,031,314.950 ns","105,702.5339 ns","98,874.2158 ns",281.2500,-,-,19039573 B
Run,Default,False,Default,Default,Default,Default,Default,Default,11111111,Empty,RyuJit,X64,8c5e7fda-e8bf-4a96-9a85-a6e23a8c635c,.NET Core 3.0,False,True,False,True,Default,Default,False,False,False,Default,Default,Default,Default,Default,Default,Default,1,Default,Default,Default,Default,Default,Default,Default,Default,16,Default,System.Byte,ShallowRows,Cesil,"2,929.861 ns",6.7682 ns,5.9999 ns,0.0038,-,-,408 B
Run,Default,False,Default,Default,Default,Default,Default,Default,11111111,Empty,RyuJit,X64,8c5e7fda-e8bf-4a96-9a85-a6e23a8c635c,.NET Core 3.0,False,True,False,True,Default,Default,False,False,False,Default,Default,Default,Default,Default,Default,Default,1,Default,Default,Default,Default,Default,Default,Default,Default,16,Default,System.Byte,ShallowRows,CsvHelper,"510,488.888 ns","1,240.4352 ns","1,160.3038 ns",-,-,-,31243 B
Run,Default,False,Default,Default,Default,Default,Default,Default,11111111,Empty,RyuJit,X64,8c5e7fda-e8bf-4a96-9a85-a6e23a8c635c,.NET Core 3.0,False,True,False,True,Default,Default,False,False,False,Default,Default,Default,Default,Default,Default,Default,1,Default,Default,Default,Default,Default,Default,Default,Default,16,Default,System.Char,DeepRows,Cesil,"2,220,942.272 ns","12,550.8048 ns","11,740.0306 ns",-,-,-,413 B
Run,Default,False,Default,Default,Default,Default,Default,Default,11111111,Empty,RyuJit,X64,8c5e7fda-e8bf-4a96-9a85-a6e23a8c635c,.NET Core 3.0,False,True,False,True,Default,Default,False,False,False,Default,Default,Default,Default,Default,Default,Default,1,Default,Default,Default,Default,Default,Default,Default,Default,16,Default,System.Char,DeepRows,CsvHelper,"21,473,107.837 ns","100,619.0807 ns","94,119.1505 ns",281.2500,-,-,18978095 B
Run,Default,False,Default,Default,Default,Default,Default,Default,11111111,Empty,RyuJit,X64,8c5e7fda-e8bf-4a96-9a85-a6e23a8c635c,.NET Core 3.0,False,True,False,True,Default,Default,False,False,False,Default,Default,Default,Default,Default,Default,Default,1,Default,Default,Default,Default,Default,Default,Default,Default,16,Default,System.Char,ShallowRows,Cesil,"2,562.691 ns",13.4088 ns,11.8865 ns,0.0038,-,-,408 B
Run,Default,False,Default,Default,Default,Default,Default,Default,11111111,Empty,RyuJit,X64,8c5e7fda-e8bf-4a96-9a85-a6e23a8c635c,.NET Core 3.0,False,True,False,True,Default,Default,False,False,False,Default,Default,Default,Default,Default,Default,Default,1,Default,Default,Default,Default,Default,Default,Default,Default,16,Default,System.Char,ShallowRows,CsvHelper,"513,558.389 ns","1,926.5884 ns","1,707.8704 ns",-,-,-,31163 B
Run,Default,False,Default,Default,Default,Default,Default,Default,11111111,Empty,RyuJit,X64,8c5e7fda-e8bf-4a96-9a85-a6e23a8c635c,.NET Core 3.0,False,True,False,True,Default,Default,False,False,False,Default,Default,Default,Default,Default,Default,Default,1,Default,Default,Default,Default,Default,Default,Default,Default,16,Default,System.DateTime,DeepRows,Cesil,"6,030,663.536 ns","19,341.0659 ns","17,145.3511 ns",-,-,-,418 B
Run,Default,False,Default,Default,Default,Default,Default,Default,11111111,Empty,RyuJit,X64,8c5e7fda-e8bf-4a96-9a85-a6e23a8c635c,.NET Core 3.0,False,True,False,True,Default,Default,False,False,False,Default,Default,Default,Default,Default,Default,Default,1,Default,Default,Default,Default,Default,Default,Default,Default,16,Default,System.DateTime,DeepRows,CsvHelper,"27,307,466.221 ns","230,639.7751 ns","215,740.5887 ns",281.2500,-,-,19452870 B
Run,Default,False,Default,Default,Default,Default,Default,Default,11111111,Empty,RyuJit,X64,8c5e7fda-e8bf-4a96-9a85-a6e23a8c635c,.NET Core 3.0,False,True,False,True,Default,Default,False,False,False,Default,Default,Default,Default,Default,Default,Default,1,Default,Default,Default,Default,Default,Default,Default,Default,16,Default,System.DateTime,ShallowRows,Cesil,"6,288.511 ns",27.0654 ns,23.9928 ns,-,-,-,408 B
Run,Default,False,Default,Default,Default,Default,Default,Default,11111111,Empty,RyuJit,X64,8c5e7fda-e8bf-4a96-9a85-a6e23a8c635c,.NET Core 3.0,False,True,False,True,Default,Default,False,False,False,Default,Default,Default,Default,Default,Default,Default,1,Default,Default,Default,Default,Default,Default,Default,Default,16,Default,System.DateTime,ShallowRows,CsvHelper,"525,245.329 ns","2,177.1514 ns","2,036.5087 ns",-,-,-,31763 B
Run,Default,False,Default,Default,Default,Default,Default,Default,11111111,Empty,RyuJit,X64,8c5e7fda-e8bf-4a96-9a85-a6e23a8c635c,.NET Core 3.0,False,True,False,True,Default,Default,False,False,False,Default,Default,Default,Default,Default,Default,Default,1,Default,Default,Default,Default,Default,Default,Default,Default,16,Default,Syste(...)ffset [21],DeepRows,Cesil,"6,179,036.698 ns","25,148.4512 ns","22,293.4470 ns",-,-,-,416 B
Run,Default,False,Default,Default,Default,Default,Default,Default,11111111,Empty,RyuJit,X64,8c5e7fda-e8bf-4a96-9a85-a6e23a8c635c,.NET Core 3.0,False,True,False,True,Default,Default,False,False,False,Default,Default,Default,Default,Default,Default,Default,1,Default,Default,Default,Default,Default,Default,Default,Default,16,Default,Syste(...)ffset [21],DeepRows,CsvHelper,"26,931,333.625 ns","149,800.2707 ns","132,794.0381 ns",281.2500,-,-,19692850 B
Run,Default,False,Default,Default,Default,Default,Default,Default,11111111,Empty,RyuJit,X64,8c5e7fda-e8bf-4a96-9a85-a6e23a8c635c,.NET Core 3.0,False,True,False,True,Default,Default,False,False,False,Default,Default,Default,Default,Default,Default,Default,1,Default,Default,Default,Default,Default,Default,Default,Default,16,Default,Syste(...)ffset [21],ShallowRows,Cesil,"6,316.689 ns",19.2409 ns,17.9979 ns,-,-,-,408 B
Run,Default,False,Default,Default,Default,Default,Default,Default,11111111,Empty,RyuJit,X64,8c5e7fda-e8bf-4a96-9a85-a6e23a8c635c,.NET Core 3.0,False,True,False,True,Default,Default,False,False,False,Default,Default,Default,Default,Default,Default,Default,1,Default,Default,Default,Default,Default,Default,Default,Default,16,Default,Syste(...)ffset [21],ShallowRows,CsvHelper,"534,029.998 ns","1,814.7688 ns","1,697.5358 ns",-,-,-,31979 B
Run,Default,False,Default,Default,Default,Default,Default,Default,11111111,Empty,RyuJit,X64,8c5e7fda-e8bf-4a96-9a85-a6e23a8c635c,.NET Core 3.0,False,True,False,True,Default,Default,False,False,False,Default,Default,Default,Default,Default,Default,Default,1,Default,Default,Default,Default,Default,Default,Default,Default,16,Default,System.Decimal,DeepRows,Cesil,"4,767,025.759 ns","11,083.0440 ns","10,367.0862 ns",-,-,-,419 B
Run,Default,False,Default,Default,Default,Default,Default,Default,11111111,Empty,RyuJit,X64,8c5e7fda-e8bf-4a96-9a85-a6e23a8c635c,.NET Core 3.0,False,True,False,True,Default,Default,False,False,False,Default,Default,Default,Default,Default,Default,Default,1,Default,Default,Default,Default,Default,Default,Default,Default,16,Default,System.Decimal,DeepRows,CsvHelper,"24,903,000.919 ns","170,897.6440 ns","159,857.7622 ns",281.2500,-,-,19766134 B
Run,Default,False,Default,Default,Default,Default,Default,Default,11111111,Empty,RyuJit,X64,8c5e7fda-e8bf-4a96-9a85-a6e23a8c635c,.NET Core 3.0,False,True,False,True,Default,Default,False,False,False,Default,Default,Default,Default,Default,Default,Default,1,Default,Default,Default,Default,Default,Default,Default,Default,16,Default,System.Decimal,ShallowRows,Cesil,"5,045.605 ns",17.4136 ns,15.4367 ns,-,-,-,408 B
Run,Default,False,Default,Default,Default,Default,Default,Default,11111111,Empty,RyuJit,X64,8c5e7fda-e8bf-4a96-9a85-a6e23a8c635c,.NET Core 3.0,False,True,False,True,Default,Default,False,False,False,Default,Default,Default,Default,Default,Default,Default,1,Default,Default,Default,Default,Default,Default,Default,Default,16,Default,System.Decimal,ShallowRows,CsvHelper,"528,972.646 ns","1,308.5041 ns","1,159.9548 ns",-,-,-,32018 B
Run,Default,False,Default,Default,Default,Default,Default,Default,11111111,Empty,RyuJit,X64,8c5e7fda-e8bf-4a96-9a85-a6e23a8c635c,.NET Core 3.0,False,True,False,True,Default,Default,False,False,False,Default,Default,Default,Default,Default,Default,Default,1,Default,Default,Default,Default,Default,Default,Default,Default,16,Default,System.Double,DeepRows,Cesil,"5,702,863.803 ns","15,571.1875 ns","12,156.9590 ns",-,-,-,413 B
Run,Default,False,Default,Default,Default,Default,Default,Default,11111111,Empty,RyuJit,X64,8c5e7fda-e8bf-4a96-9a85-a6e23a8c635c,.NET Core 3.0,False,True,False,True,Default,Default,False,False,False,Default,Default,Default,Default,Default,Default,Default,1,Default,Default,Default,Default,Default,Default,Default,Default,16,Default,System.Double,DeepRows,CsvHelper,"26,285,240.080 ns","200,193.0517 ns","187,260.7048 ns",281.2500,-,-,19527882 B
Run,Default,False,Default,Default,Default,Default,Default,Default,11111111,Empty,RyuJit,X64,8c5e7fda-e8bf-4a96-9a85-a6e23a8c635c,.NET Core 3.0,False,True,False,True,Default,Default,False,False,False,Default,Default,Default,Default,Default,Default,Default,1,Default,Default,Default,Default,Default,Default,Default,Default,16,Default,System.Double,ShallowRows,Cesil,"5,607.145 ns",12.2839 ns,10.8893 ns,-,-,-,408 B
Run,Default,False,Default,Default,Default,Default,Default,Default,11111111,Empty,RyuJit,X64,8c5e7fda-e8bf-4a96-9a85-a6e23a8c635c,.NET Core 3.0,False,True,False,True,Default,Default,False,False,False,Default,Default,Default,Default,Default,Default,Default,1,Default,Default,Default,Default,Default,Default,Default,Default,16,Default,System.Double,ShallowRows,CsvHelper,"520,367.586 ns","3,720.6377 ns","2,904.8292 ns",-,-,-,31715 B
Run,Default,False,Default,Default,Default,Default,Default,Default,11111111,Empty,RyuJit,X64,8c5e7fda-e8bf-4a96-9a85-a6e23a8c635c,.NET Core 3.0,False,True,False,True,Default,Default,False,False,False,Default,Default,Default,Default,Default,Default,Default,1,Default,Default,Default,Default,Default,Default,Default,Default,16,Default,System.Guid,DeepRows,Cesil,"3,700,929.464 ns","5,271.9353 ns","4,673.4333 ns",-,-,-,413 B
Run,Default,False,Default,Default,Default,Default,Default,Default,11111111,Empty,RyuJit,X64,8c5e7fda-e8bf-4a96-9a85-a6e23a8c635c,.NET Core 3.0,False,True,False,True,Default,Default,False,False,False,Default,Default,Default,Default,Default,Default,Default,1,Default,Default,Default,Default,Default,Default,Default,Default,16,Default,System.Guid,DeepRows,CsvHelper,"23,270,273.939 ns","191,791.1779 ns","179,401.5868 ns",281.2500,-,-,19772870 B
Run,Default,False,Default,Default,Default,Default,Default,Default,11111111,Empty,RyuJit,X64,8c5e7fda-e8bf-4a96-9a85-a6e23a8c635c,.NET Core 3.0,False,True,False,True,Default,Default,False,False,False,Default,Default,Default,Default,Default,Default,Default,1,Default,Default,Default,Default,Default,Default,Default,Default,16,Default,System.Guid,ShallowRows,Cesil,"3,442.773 ns",10.2758 ns,9.1092 ns,0.0038,-,-,408 B
Run,Default,False,Default,Default,Default,Default,Default,Default,11111111,Empty,RyuJit,X64,8c5e7fda-e8bf-4a96-9a85-a6e23a8c635c,.NET Core 3.0,False,True,False,True,Default,Default,False,False,False,Default,Default,Default,Default,Default,Default,Default,1,Default,Default,Default,Default,Default,Default,Default,Default,16,Default,System.Guid,ShallowRows,CsvHelper,"524,816.494 ns","1,553.2627 ns","1,452.9229 ns",-,-,-,32059 B
Run,Default,False,Default,Default,Default,Default,Default,Default,11111111,Empty,RyuJit,X64,8c5e7fda-e8bf-4a96-9a85-a6e23a8c635c,.NET Core 3.0,False,True,False,True,Default,Default,False,False,False,Default,Default,Default,Default,Default,Default,Default,1,Default,Default,Default,Default,Default,Default,Default,Default,16,Default,System.Int16,DeepRows,Cesil,"2,849,893.647 ns","8,884.5682 ns","7,875.9383 ns",-,-,-,414 B
Run,Default,False,Default,Default,Default,Default,Default,Default,11111111,Empty,RyuJit,X64,8c5e7fda-e8bf-4a96-9a85-a6e23a8c635c,.NET Core 3.0,False,True,False,True,Default,Default,False,False,False,Default,Default,Default,Default,Default,Default,Default,1,Default,Default,Default,Default,Default,Default,Default,Default,16,Default,System.Int16,DeepRows,CsvHelper,"21,868,497.620 ns","234,941.3159 ns","219,764.2527 ns",281.2500,-,-,19159609 B
Run,Default,False,Default,Default,Default,Default,Default,Default,11111111,Empty,RyuJit,X64,8c5e7fda-e8bf-4a96-9a85-a6e23a8c635c,.NET Core 3.0,False,True,False,True,Default,Default,False,False,False,Default,Default,Default,Default,Default,Default,Default,1,Default,Default,Default,Default,Default,Default,Default,Default,16,Default,System.Int16,ShallowRows,Cesil,"3,261.695 ns",60.8163 ns,56.8876 ns,0.0038,-,-,408 B
Run,Default,False,Default,Default,Default,Default,Default,Default,11111111,Empty,RyuJit,X64,8c5e7fda-e8bf-4a96-9a85-a6e23a8c635c,.NET Core 3.0,False,True,False,True,Default,Default,False,False,False,Default,Default,Default,Default,Default,Default,Default,1,Default,Default,Default,Default,Default,Default,Default,Default,16,Default,System.Int16,ShallowRows,CsvHelper,"519,241.036 ns","10,268.0788 ns","8,574.3108 ns",-,-,-,31355 B
Run,Default,False,Default,Default,Default,Default,Default,Default,11111111,Empty,RyuJit,X64,8c5e7fda-e8bf-4a96-9a85-a6e23a8c635c,.NET Core 3.0,False,True,False,True,Default,Default,False,False,False,Default,Default,Default,Default,Default,Default,Default,1,Default,Default,Default,Default,Default,Default,Default,Default,16,Default,System.Int32,DeepRows,Cesil,"2,980,482.591 ns","21,250.0642 ns","16,590.6524 ns",-,-,-,413 B
Run,Default,False,Default,Default,Default,Default,Default,Default,11111111,Empty,RyuJit,X64,8c5e7fda-e8bf-4a96-9a85-a6e23a8c635c,.NET Core 3.0,False,True,False,True,Default,Default,False,False,False,Default,Default,Default,Default,Default,Default,Default,1,Default,Default,Default,Default,Default,Default,Default,Default,16,Default,System.Int32,DeepRows,CsvHelper,"22,374,457.884 ns","225,534.2531 ns","210,964.8802 ns",281.2500,-,-,19272303 B
Run,Default,False,Default,Default,Default,Default,Default,Default,11111111,Empty,RyuJit,X64,8c5e7fda-e8bf-4a96-9a85-a6e23a8c635c,.NET Core 3.0,False,True,False,True,Default,Default,False,False,False,Default,Default,Default,Default,Default,Default,Default,1,Default,Default,Default,Default,Default,Default,Default,Default,16,Default,System.Int32,ShallowRows,Cesil,"3,324.318 ns",26.2413 ns,24.5461 ns,0.0038,-,-,408 B
Run,Default,False,Default,Default,Default,Default,Default,Default,11111111,Empty,RyuJit,X64,8c5e7fda-e8bf-4a96-9a85-a6e23a8c635c,.NET Core 3.0,False,True,False,True,Default,Default,False,False,False,Default,Default,Default,Default,Default,Default,Default,1,Default,Default,Default,Default,Default,Default,Default,Default,16,Default,System.Int32,ShallowRows,CsvHelper,"507,494.680 ns","2,107.3738 ns","1,868.1320 ns",-,-,-,31451 B
Run,Default,False,Default,Default,Default,Default,Default,Default,11111111,Empty,RyuJit,X64,8c5e7fda-e8bf-4a96-9a85-a6e23a8c635c,.NET Core 3.0,False,True,False,True,Default,Default,False,False,False,Default,Default,Default,Default,Default,Default,Default,1,Default,Default,Default,Default,Default,Default,Default,Default,16,Default,System.Int64,DeepRows,Cesil,"3,242,564.757 ns","14,164.7999 ns","11,828.2494 ns",-,-,-,410 B
Run,Default,False,Default,Default,Default,Default,Default,Default,11111111,Empty,RyuJit,X64,8c5e7fda-e8bf-4a96-9a85-a6e23a8c635c,.NET Core 3.0,False,True,False,True,Default,Default,False,False,False,Default,Default,Default,Default,Default,Default,Default,1,Default,Default,Default,Default,Default,Default,Default,Default,16,Default,System.Int64,DeepRows,CsvHelper,"26,313,888.430 ns","523,499.4360 ns","815,025.5532 ns",281.2500,-,-,19452258 B
Run,Default,False,Default,Default,Default,Default,Default,Default,11111111,Empty,RyuJit,X64,8c5e7fda-e8bf-4a96-9a85-a6e23a8c635c,.NET Core 3.0,False,True,False,True,Default,Default,False,False,False,Default,Default,Default,Default,Default,Default,Default,1,Default,Default,Default,Default,Default,Default,Default,Default,16,Default,System.Int64,ShallowRows,Cesil,"3,536.968 ns",50.9263 ns,42.5258 ns,0.0038,-,-,408 B
Run,Default,False,Default,Default,Default,Default,Default,Default,11111111,Empty,RyuJit,X64,8c5e7fda-e8bf-4a96-9a85-a6e23a8c635c,.NET Core 3.0,False,True,False,True,Default,Default,False,False,False,Default,Default,Default,Default,Default,Default,Default,1,Default,Default,Default,Default,Default,Default,Default,Default,16,Default,System.Int64,ShallowRows,CsvHelper,"520,143.294 ns","5,905.2248 ns","4,931.1301 ns",-,-,-,31668 B
Run,Default,False,Default,Default,Default,Default,Default,Default,11111111,Empty,RyuJit,X64,8c5e7fda-e8bf-4a96-9a85-a6e23a8c635c,.NET Core 3.0,False,True,False,True,Default,Default,False,False,False,Default,Default,Default,Default,Default,Default,Default,1,Default,Default,Default,Default,Default,Default,Default,Default,16,Default,Syste(...)Enum] [48],DeepRows,Cesil,"2,671,208.162 ns","16,122.9562 ns","14,292.5807 ns",-,-,-,239647 B
Run,Default,False,Default,Default,Default,Default,Default,Default,11111111,Empty,RyuJit,X64,8c5e7fda-e8bf-4a96-9a85-a6e23a8c635c,.NET Core 3.0,False,True,False,True,Default,Default,False,False,False,Default,Default,Default,Default,Default,Default,Default,1,Default,Default,Default,Default,Default,Default,Default,Default,16,Default,Syste(...)Enum] [48],DeepRows,CsvHelper,"23,712,830.548 ns","464,796.4623 ns","434,770.8992 ns",281.2500,-,-,20852720 B
Run,Default,False,Default,Default,Default,Default,Default,Default,11111111,Empty,RyuJit,X64,8c5e7fda-e8bf-4a96-9a85-a6e23a8c635c,.NET Core 3.0,False,True,False,True,Default,Default,False,False,False,Default,Default,Default,Default,Default,Default,Default,1,Default,Default,Default,Default,Default,Default,Default,Default,16,Default,Syste(...)Enum] [48],ShallowRows,Cesil,"1,525.562 ns",15.9526 ns,14.1416 ns,0.0057,-,-,456 B
Run,Default,False,Default,Default,Default,Default,Default,Default,11111111,Empty,RyuJit,X64,8c5e7fda-e8bf-4a96-9a85-a6e23a8c635c,.NET Core 3.0,False,True,False,True,Default,Default,False,False,False,Default,Default,Default,Default,Default,Default,Default,1,Default,Default,Default,Default,Default,Default,Default,Default,16,Default,Syste(...)Enum] [48],ShallowRows,CsvHelper,"519,503.611 ns","3,864.7672 ns","3,426.0155 ns",-,-,-,33212 B
Run,Default,False,Default,Default,Default,Default,Default,Default,11111111,Empty,RyuJit,X64,8c5e7fda-e8bf-4a96-9a85-a6e23a8c635c,.NET Core 3.0,False,True,False,True,Default,Default,False,False,False,Default,Default,Default,Default,Default,Default,Default,1,Default,Default,Default,Default,Default,Default,Default,Default,16,Default,Syste(...)Enum] [53],DeepRows,Cesil,"3,170,715.866 ns","13,356.8591 ns","11,153.5823 ns",11.7188,-,-,828381 B
Run,Default,False,Default,Default,Default,Default,Default,Default,11111111,Empty,RyuJit,X64,8c5e7fda-e8bf-4a96-9a85-a6e23a8c635c,.NET Core 3.0,False,True,False,True,Default,Default,False,False,False,Default,Default,Default,Default,Default,Default,Default,1,Default,Default,Default,Default,Default,Default,Default,Default,16,Default,Syste(...)Enum] [53],DeepRows,CsvHelper,"25,000,747.570 ns","181,609.4013 ns","169,877.5466 ns",312.5000,-,-,21361899 B
Run,Default,False,Default,Default,Default,Default,Default,Default,11111111,Empty,RyuJit,X64,8c5e7fda-e8bf-4a96-9a85-a6e23a8c635c,.NET Core 3.0,False,True,False,True,Default,Default,False,False,False,Default,Default,Default,Default,Default,Default,Default,1,Default,Default,Default,Default,Default,Default,Default,Default,16,Default,Syste(...)Enum] [53],ShallowRows,Cesil,"2,838.660 ns",55.4758 ns,51.8921 ns,0.0153,-,-,1136 B
Run,Default,False,Default,Default,Default,Default,Default,Default,11111111,Empty,RyuJit,X64,8c5e7fda-e8bf-4a96-9a85-a6e23a8c635c,.NET Core 3.0,False,True,False,True,Default,Default,False,False,False,Default,Default,Default,Default,Default,Default,Default,1,Default,Default,Default,Default,Default,Default,Default,Default,16,Default,Syste(...)Enum] [53],ShallowRows,CsvHelper,"522,329.373 ns","2,892.2970 ns","2,705.4564 ns",-,-,-,33820 B
Run,Default,False,Default,Default,Default,Default,Default,Default,11111111,Empty,RyuJit,X64,8c5e7fda-e8bf-4a96-9a85-a6e23a8c635c,.NET Core 3.0,False,True,False,True,Default,Default,False,False,False,Default,Default,Default,Default,Default,Default,Default,1,Default,Default,Default,Default,Default,Default,Default,Default,16,Default,Syste(...)Byte] [30],DeepRows,Cesil,"1,863,354.614 ns","36,235.8679 ns","40,276.0712 ns",-,-,-,408 B
Run,Default,False,Default,Default,Default,Default,Default,Default,11111111,Empty,RyuJit,X64,8c5e7fda-e8bf-4a96-9a85-a6e23a8c635c,.NET Core 3.0,False,True,False,True,Default,Default,False,False,False,Default,Default,Default,Default,Default,Default,Default,1,Default,Default,Default,Default,Default,Default,Default,Default,16,Default,Syste(...)Byte] [30],DeepRows,CsvHelper,"24,828,300.824 ns","491,823.7748 ns","705,358.9615 ns",312.5000,-,-,21012330 B
Run,Default,False,Default,Default,Default,Default,Default,Default,11111111,Empty,RyuJit,X64,8c5e7fda-e8bf-4a96-9a85-a6e23a8c635c,.NET Core 3.0,False,True,False,True,Default,Default,False,False,False,Default,Default,Default,Default,Default,Default,Default,1,Default,Default,Default,Default,Default,Default,Default,Default,16,Default,Syste(...)Byte] [30],ShallowRows,Cesil,"1,892.115 ns",7.5001 ns,5.8556 ns,0.0057,-,-,408 B
Run,Default,False,Default,Default,Default,Default,Default,Default,11111111,Empty,RyuJit,X64,8c5e7fda-e8bf-4a96-9a85-a6e23a8c635c,.NET Core 3.0,False,True,False,True,Default,Default,False,False,False,Default,Default,Default,Default,Default,Default,Default,1,Default,Default,Default,Default,Default,Default,Default,Default,16,Default,Syste(...)Byte] [30],ShallowRows,CsvHelper,"521,116.286 ns","8,919.2139 ns","7,906.6508 ns",-,-,-,33403 B
Run,Default,False,Default,Default,Default,Default,Default,Default,11111111,Empty,RyuJit,X64,8c5e7fda-e8bf-4a96-9a85-a6e23a8c635c,.NET Core 3.0,False,True,False,True,Default,Default,False,False,False,Default,Default,Default,Default,Default,Default,Default,1,Default,Default,Default,Default,Default,Default,Default,Default,16,Default,Syste(...)Char] [30],DeepRows,Cesil,"1,666,745.330 ns","25,171.4193 ns","23,545.3612 ns",-,-,-,409 B
Run,Default,False,Default,Default,Default,Default,Default,Default,11111111,Empty,RyuJit,X64,8c5e7fda-e8bf-4a96-9a85-a6e23a8c635c,.NET Core 3.0,False,True,False,True,Default,Default,False,False,False,Default,Default,Default,Default,Default,Default,Default,1,Default,Default,Default,Default,Default,Default,Default,Default,16,Default,Syste(...)Char] [30],DeepRows,CsvHelper,"23,579,536.072 ns","249,405.2817 ns","233,293.8553 ns",312.5000,-,-,20976680 B
Run,Default,False,Default,Default,Default,Default,Default,Default,11111111,Empty,RyuJit,X64,8c5e7fda-e8bf-4a96-9a85-a6e23a8c635c,.NET Core 3.0,False,True,False,True,Default,Default,False,False,False,Default,Default,Default,Default,Default,Default,Default,1,Default,Default,Default,Default,Default,Default,Default,Default,16,Default,Syste(...)Char] [30],ShallowRows,Cesil,"1,648.999 ns",22.1469 ns,20.7162 ns,0.0057,-,-,408 B
Run,Default,False,Default,Default,Default,Default,Default,Default,11111111,Empty,RyuJit,X64,8c5e7fda-e8bf-4a96-9a85-a6e23a8c635c,.NET Core 3.0,False,True,False,True,Default,Default,False,False,False,Default,Default,Default,Default,Default,Default,Default,1,Default,Default,Default,Default,Default,Default,Default,Default,16,Default,Syste(...)Char] [30],ShallowRows,CsvHelper,"516,295.329 ns","3,592.0025 ns","3,359.9613 ns",-,-,-,33347 B
Run,Default,False,Default,Default,Default,Default,Default,Default,11111111,Empty,RyuJit,X64,8c5e7fda-e8bf-4a96-9a85-a6e23a8c635c,.NET Core 3.0,False,True,False,True,Default,Default,False,False,False,Default,Default,Default,Default,Default,Default,Default,1,Default,Default,Default,Default,Default,Default,Default,Default,16,Default,Syste(...)fset] [40],DeepRows,Cesil,"3,754,707.184 ns","56,246.1418 ns","52,612.6759 ns",-,-,-,412 B
Run,Default,False,Default,Default,Default,Default,Default,Default,11111111,Empty,RyuJit,X64,8c5e7fda-e8bf-4a96-9a85-a6e23a8c635c,.NET Core 3.0,False,True,False,True,Default,Default,False,False,False,Default,Default,Default,Default,Default,Default,Default,1,Default,Default,Default,Default,Default,Default,Default,Default,16,Default,Syste(...)fset] [40],DeepRows,CsvHelper,"27,828,301.522 ns","294,984.1626 ns","261,495.7767 ns",312.5000,-,-,21460602 B
Run,Default,False,Default,Default,Default,Default,Default,Default,11111111,Empty,RyuJit,X64,8c5e7fda-e8bf-4a96-9a85-a6e23a8c635c,.NET Core 3.0,False,True,False,True,Default,Default,False,False,False,Default,Default,Default,Default,Default,Default,Default,1,Default,Default,Default,Default,Default,Default,Default,Default,16,Default,Syste(...)fset] [40],ShallowRows,Cesil,"2,312.303 ns",46.1628 ns,47.4058 ns,0.0038,-,-,408 B
Run,Default,False,Default,Default,Default,Default,Default,Default,11111111,Empty,RyuJit,X64,8c5e7fda-e8bf-4a96-9a85-a6e23a8c635c,.NET Core 3.0,False,True,False,True,Default,Default,False,False,False,Default,Default,Default,Default,Default,Default,Default,1,Default,Default,Default,Default,Default,Default,Default,Default,16,Default,Syste(...)fset] [40],ShallowRows,CsvHelper,"523,380.001 ns","2,405.7098 ns","2,250.3025 ns",-,-,-,33619 B
Run,Default,False,Default,Default,Default,Default,Default,Default,11111111,Empty,RyuJit,X64,8c5e7fda-e8bf-4a96-9a85-a6e23a8c635c,.NET Core 3.0,False,True,False,True,Default,Default,False,False,False,Default,Default,Default,Default,Default,Default,Default,1,Default,Default,Default,Default,Default,Default,Default,Default,16,Default,Syste(...)Time] [34],DeepRows,Cesil,"3,627,863.173 ns","58,700.4557 ns","54,908.4427 ns",-,-,-,413 B
Run,Default,False,Default,Default,Default,Default,Default,Default,11111111,Empty,RyuJit,X64,8c5e7fda-e8bf-4a96-9a85-a6e23a8c635c,.NET Core 3.0,False,True,False,True,Default,Default,False,False,False,Default,Default,Default,Default,Default,Default,Default,1,Default,Default,Default,Default,Default,Default,Default,Default,16,Default,Syste(...)Time] [34],DeepRows,CsvHelper,"25,781,420.737 ns","223,859.8346 ns","186,933.1006 ns",312.5000,-,-,21260030 B
Run,Default,False,Default,Default,Default,Default,Default,Default,11111111,Empty,RyuJit,X64,8c5e7fda-e8bf-4a96-9a85-a6e23a8c635c,.NET Core 3.0,False,True,False,True,Default,Default,False,False,False,Default,Default,Default,Default,Default,Default,Default,1,Default,Default,Default,Default,Default,Default,Default,Default,16,Default,Syste(...)Time] [34],ShallowRows,Cesil,"2,197.418 ns",31.9723 ns,28.3426 ns,0.0038,-,-,408 B
Run,Default,False,Default,Default,Default,Default,Default,Default,11111111,Empty,RyuJit,X64,8c5e7fda-e8bf-4a96-9a85-a6e23a8c635c,.NET Core 3.0,False,True,False,True,Default,Default,False,False,False,Default,Default,Default,Default,Default,Default,Default,1,Default,Default,Default,Default,Default,Default,Default,Default,16,Default,Syste(...)Time] [34],ShallowRows,CsvHelper,"526,776.427 ns","2,721.2514 ns","2,412.3185 ns",-,-,-,33443 B
Run,Default,False,Default,Default,Default,Default,Default,Default,11111111,Empty,RyuJit,X64,8c5e7fda-e8bf-4a96-9a85-a6e23a8c635c,.NET Core 3.0,False,True,False,True,Default,Default,False,False,False,Default,Default,Default,Default,Default,Default,Default,1,Default,Default,Default,Default,Default,Default,Default,Default,16,Default,Syste(...)imal] [33],DeepRows,Cesil,"2,926,937.816 ns","39,160.0828 ns","32,700.4427 ns",-,-,-,413 B
Run,Default,False,Default,Default,Default,Default,Default,Default,11111111,Empty,RyuJit,X64,8c5e7fda-e8bf-4a96-9a85-a6e23a8c635c,.NET Core 3.0,False,True,False,True,Default,Default,False,False,False,Default,Default,Default,Default,Default,Default,Default,1,Default,Default,Default,Default,Default,Default,Default,Default,16,Default,Syste(...)imal] [33],DeepRows,CsvHelper,"25,308,727.449 ns","239,383.8203 ns","212,207.5215 ns",312.5000,-,-,21408888 B
Run,Default,False,Default,Default,Default,Default,Default,Default,11111111,Empty,RyuJit,X64,8c5e7fda-e8bf-4a96-9a85-a6e23a8c635c,.NET Core 3.0,False,True,False,True,Default,Default,False,False,False,Default,Default,Default,Default,Default,Default,Default,1,Default,Default,Default,Default,Default,Default,Default,Default,16,Default,Syste(...)imal] [33],ShallowRows,Cesil,"1,952.995 ns",29.1889 ns,27.3033 ns,0.0038,-,-,408 B
Run,Default,False,Default,Default,Default,Default,Default,Default,11111111,Empty,RyuJit,X64,8c5e7fda-e8bf-4a96-9a85-a6e23a8c635c,.NET Core 3.0,False,True,False,True,Default,Default,False,False,False,Default,Default,Default,Default,Default,Default,Default,1,Default,Default,Default,Default,Default,Default,Default,Default,16,Default,Syste(...)imal] [33],ShallowRows,CsvHelper,"523,890.338 ns","3,025.6571 ns","2,526.5607 ns",-,-,-,33507 B
Run,Default,False,Default,Default,Default,Default,Default,Default,11111111,Empty,RyuJit,X64,8c5e7fda-e8bf-4a96-9a85-a6e23a8c635c,.NET Core 3.0,False,True,False,True,Default,Default,False,False,False,Default,Default,Default,Default,Default,Default,Default,1,Default,Default,Default,Default,Default,Default,Default,Default,16,Default,Syste(...)uble] [32],DeepRows,Cesil,"3,379,168.071 ns","32,850.0151 ns","27,431.2504 ns",-,-,-,410 B
Run,Default,False,Default,Default,Default,Default,Default,Default,11111111,Empty,RyuJit,X64,8c5e7fda-e8bf-4a96-9a85-a6e23a8c635c,.NET Core 3.0,False,True,False,True,Default,Default,False,False,False,Default,Default,Default,Default,Default,Default,Default,1,Default,Default,Default,Default,Default,Default,Default,Default,16,Default,Syste(...)uble] [32],DeepRows,CsvHelper,"26,174,577.489 ns","310,454.3656 ns","290,399.2062 ns",312.5000,-,-,21285796 B
Run,Default,False,Default,Default,Default,Default,Default,Default,11111111,Empty,RyuJit,X64,8c5e7fda-e8bf-4a96-9a85-a6e23a8c635c,.NET Core 3.0,False,True,False,True,Default,Default,False,False,False,Default,Default,Default,Default,Default,Default,Default,1,Default,Default,Default,Default,Default,Default,Default,Default,16,Default,Syste(...)uble] [32],ShallowRows,Cesil,"2,047.443 ns",34.3641 ns,32.1442 ns,0.0038,-,-,408 B
Run,Default,False,Default,Default,Default,Default,Default,Default,11111111,Empty,RyuJit,X64,8c5e7fda-e8bf-4a96-9a85-a6e23a8c635c,.NET Core 3.0,False,True,False,True,Default,Default,False,False,False,Default,Default,Default,Default,Default,Default,Default,1,Default,Default,Default,Default,Default,Default,Default,Default,16,Default,Syste(...)uble] [32],ShallowRows,CsvHelper,"536,961.939 ns","2,403.6048 ns","2,248.3334 ns",-,-,-,33451 B
Run,Default,False,Default,Default,Default,Default,Default,Default,11111111,Empty,RyuJit,X64,8c5e7fda-e8bf-4a96-9a85-a6e23a8c635c,.NET Core 3.0,False,True,False,True,Default,Default,False,False,False,Default,Default,Default,Default,Default,Default,Default,1,Default,Default,Default,Default,Default,Default,Default,Default,16,Default,Syste(...)Guid] [30],DeepRows,Cesil,"2,377,286.153 ns","27,989.0528 ns","24,811.5663 ns",-,-,-,410 B
Run,Default,False,Default,Default,Default,Default,Default,Default,11111111,Empty,RyuJit,X64,8c5e7fda-e8bf-4a96-9a85-a6e23a8c635c,.NET Core 3.0,False,True,False,True,Default,Default,False,False,False,Default,Default,Default,Default,Default,Default,Default,1,Default,Default,Default,Default,Default,Default,Default,Default,16,Default,Syste(...)Guid] [30],DeepRows,CsvHelper,"24,711,372.942 ns","532,155.5175 ns","497,778.6012 ns",312.5000,-,-,21374032 B
Run,Default,False,Default,Default,Default,Default,Default,Default,11111111,Empty,RyuJit,X64,8c5e7fda-e8bf-4a96-9a85-a6e23a8c635c,.NET Core 3.0,False,True,False,True,Default,Default,False,False,False,Default,Default,Default,Default,Default,Default,Default,1,Default,Default,Default,Default,Default,Default,Default,Default,16,Default,Syste(...)Guid] [30],ShallowRows,Cesil,"1,593.605 ns",23.9873 ns,22.4377 ns,0.0057,-,-,408 B
Run,Default,False,Default,Default,Default,Default,Default,Default,11111111,Empty,RyuJit,X64,8c5e7fda-e8bf-4a96-9a85-a6e23a8c635c,.NET Core 3.0,False,True,False,True,Default,Default,False,False,False,Default,Default,Default,Default,Default,Default,Default,1,Default,Default,Default,Default,Default,Default,Default,Default,16,Default,Syste(...)Guid] [30],ShallowRows,CsvHelper,"524,477.121 ns","8,089.6696 ns","7,567.0820 ns",-,-,-,33467 B
Run,Default,False,Default,Default,Default,Default,Default,Default,11111111,Empty,RyuJit,X64,8c5e7fda-e8bf-4a96-9a85-a6e23a8c635c,.NET Core 3.0,False,True,False,True,Default,Default,False,False,False,Default,Default,Default,Default,Default,Default,Default,1,Default,Default,Default,Default,Default,Default,Default,Default,16,Default,Syste(...)nt16] [31],DeepRows,Cesil,"1,969,028.710 ns","10,329.4083 ns","9,156.7514 ns",-,-,-,427 B
Run,Default,False,Default,Default,Default,Default,Default,Default,11111111,Empty,RyuJit,X64,8c5e7fda-e8bf-4a96-9a85-a6e23a8c635c,.NET Core 3.0,False,True,False,True,Default,Default,False,False,False,Default,Default,Default,Default,Default,Default,Default,1,Default,Default,Default,Default,Default,Default,Default,Default,16,Default,Syste(...)nt16] [31],DeepRows,CsvHelper,"23,683,204.893 ns","373,517.0029 ns","349,388.0363 ns",312.5000,-,-,21107928 B
Run,Default,False,Default,Default,Default,Default,Default,Default,11111111,Empty,RyuJit,X64,8c5e7fda-e8bf-4a96-9a85-a6e23a8c635c,.NET Core 3.0,False,True,False,True,Default,Default,False,False,False,Default,Default,Default,Default,Default,Default,Default,1,Default,Default,Default,Default,Default,Default,Default,Default,16,Default,Syste(...)nt16] [31],ShallowRows,Cesil,"1,818.542 ns",33.8781 ns,31.6896 ns,0.0057,-,-,408 B
Run,Default,False,Default,Default,Default,Default,Default,Default,11111111,Empty,RyuJit,X64,8c5e7fda-e8bf-4a96-9a85-a6e23a8c635c,.NET Core 3.0,False,True,False,True,Default,Default,False,False,False,Default,Default,Default,Default,Default,Default,Default,1,Default,Default,Default,Default,Default,Default,Default,Default,16,Default,Syste(...)nt16] [31],ShallowRows,CsvHelper,"517,273.431 ns","3,788.0842 ns","3,543.3763 ns",-,-,-,33427 B
Run,Default,False,Default,Default,Default,Default,Default,Default,11111111,Empty,RyuJit,X64,8c5e7fda-e8bf-4a96-9a85-a6e23a8c635c,.NET Core 3.0,False,True,False,True,Default,Default,False,False,False,Default,Default,Default,Default,Default,Default,Default,1,Default,Default,Default,Default,Default,Default,Default,Default,16,Default,Syste(...)nt32] [31],DeepRows,Cesil,"2,010,791.946 ns","32,140.3932 ns","28,491.6214 ns",-,-,-,410 B
Run,Default,False,Default,Default,Default,Default,Default,Default,11111111,Empty,RyuJit,X64,8c5e7fda-e8bf-4a96-9a85-a6e23a8c635c,.NET Core 3.0,False,True,False,True,Default,Default,False,False,False,Default,Default,Default,Default,Default,Default,Default,1,Default,Default,Default,Default,Default,Default,Default,Default,16,Default,Syste(...)nt32] [31],DeepRows,CsvHelper,"24,035,507.823 ns","392,966.2491 ns","367,580.8732 ns",312.5000,-,-,21161192 B
Run,Default,False,Default,Default,Default,Default,Default,Default,11111111,Empty,RyuJit,X64,8c5e7fda-e8bf-4a96-9a85-a6e23a8c635c,.NET Core 3.0,False,True,False,True,Default,Default,False,False,False,Default,Default,Default,Default,Default,Default,Default,1,Default,Default,Default,Default,Default,Default,Default,Default,16,Default,Syste(...)nt32] [31],ShallowRows,Cesil,"2,116.263 ns",34.8108 ns,32.5621 ns,0.0038,-,-,408 B
Run,Default,False,Default,Default,Default,Default,Default,Default,11111111,Empty,RyuJit,X64,8c5e7fda-e8bf-4a96-9a85-a6e23a8c635c,.NET Core 3.0,False,True,False,True,Default,Default,False,False,False,Default,Default,Default,Default,Default,Default,Default,1,Default,Default,Default,Default,Default,Default,Default,Default,16,Default,Syste(...)nt32] [31],ShallowRows,CsvHelper,"516,236.118 ns","1,416.6238 ns","1,182.9450 ns",-,-,-,33546 B
Run,Default,False,Default,Default,Default,Default,Default,Default,11111111,Empty,RyuJit,X64,8c5e7fda-e8bf-4a96-9a85-a6e23a8c635c,.NET Core 3.0,False,True,False,True,Default,Default,False,False,False,Default,Default,Default,Default,Default,Default,Default,1,Default,Default,Default,Default,Default,Default,Default,Default,16,Default,Syste(...)nt64] [31],DeepRows,Cesil,"2,055,480.793 ns","23,743.8631 ns","22,210.0243 ns",-,-,-,413 B
Run,Default,False,Default,Default,Default,Default,Default,Default,11111111,Empty,RyuJit,X64,8c5e7fda-e8bf-4a96-9a85-a6e23a8c635c,.NET Core 3.0,False,True,False,True,Default,Default,False,False,False,Default,Default,Default,Default,Default,Default,Default,1,Default,Default,Default,Default,Default,Default,Default,Default,16,Default,Syste(...)nt64] [31],DeepRows,CsvHelper,"23,219,478.389 ns","178,243.0301 ns","148,841.0028 ns",312.5000,-,-,21248164 B
Run,Default,False,Default,Default,Default,Default,Default,Default,11111111,Empty,RyuJit,X64,8c5e7fda-e8bf-4a96-9a85-a6e23a8c635c,.NET Core 3.0,False,True,False,True,Default,Default,False,False,False,Default,Default,Default,Default,Default,Default,Default,1,Default,Default,Default,Default,Default,Default,Default,Default,16,Default,Syste(...)nt64] [31],ShallowRows,Cesil,"1,602.369 ns",21.4974 ns,20.1087 ns,0.0057,-,-,408 B
Run,Default,False,Default,Default,Default,Default,Default,Default,11111111,Empty,RyuJit,X64,8c5e7fda-e8bf-4a96-9a85-a6e23a8c635c,.NET Core 3.0,False,True,False,True,Default,Default,False,False,False,Default,Default,Default,Default,Default,Default,Default,1,Default,Default,Default,Default,Default,Default,Default,Default,16,Default,Syste(...)nt64] [31],ShallowRows,CsvHelper,"528,861.773 ns","2,147.0022 ns","1,792.8440 ns",-,-,-,33435 B
Run,Default,False,Default,Default,Default,Default,Default,Default,11111111,Empty,RyuJit,X64,8c5e7fda-e8bf-4a96-9a85-a6e23a8c635c,.NET Core 3.0,False,True,False,True,Default,Default,False,False,False,Default,Default,Default,Default,Default,Default,Default,1,Default,Default,Default,Default,Default,Default,Default,Default,16,Default,Syste(...)Byte] [31],DeepRows,Cesil,"1,923,700.989 ns","9,612.3877 ns","8,026.7791 ns",-,-,-,409 B
Run,Default,False,Default,Default,Default,Default,Default,Default,11111111,Empty,RyuJit,X64,8c5e7fda-e8bf-4a96-9a85-a6e23a8c635c,.NET Core 3.0,False,True,False,True,Default,Default,False,False,False,Default,Default,Default,Default,Default,Default,Default,1,Default,Default,Default,Default,Default,Default,Default,Default,16,Default,Syste(...)Byte] [31],DeepRows,CsvHelper,"24,346,064.429 ns","295,976.5676 ns","276,856.6649 ns",312.5000,-,-,21092280 B
Run,Default,False,Default,Default,Default,Default,Default,Default,11111111,Empty,RyuJit,X64,8c5e7fda-e8bf-4a96-9a85-a6e23a8c635c,.NET Core 3.0,False,True,False,True,Default,Default,False,False,False,Default,Default,Default,Default,Default,Default,Default,1,Default,Default,Default,Default,Default,Default,Default,Default,16,Default,Syste(...)Byte] [31],ShallowRows,Cesil,"1,971.532 ns",18.1378 ns,16.0787 ns,0.0038,-,-,408 B
Run,Default,False,Default,Default,Default,Default,Default,Default,11111111,Empty,RyuJit,X64,8c5e7fda-e8bf-4a96-9a85-a6e23a8c635c,.NET Core 3.0,False,True,False,True,Default,Default,False,False,False,Default,Default,Default,Default,Default,Default,Default,1,Default,Default,Default,Default,Default,Default,Default,Default,16,Default,Syste(...)Byte] [31],ShallowRows,CsvHelper,"517,742.985 ns","3,580.3486 ns","3,173.8857 ns",-,-,-,33482 B
Run,Default,False,Default,Default,Default,Default,Default,Default,11111111,Empty,RyuJit,X64,8c5e7fda-e8bf-4a96-9a85-a6e23a8c635c,.NET Core 3.0,False,True,False,True,Default,Default,False,False,False,Default,Default,Default,Default,Default,Default,Default,1,Default,Default,Default,Default,Default,Default,Default,Default,16,Default,Syste(...)ngle] [32],DeepRows,Cesil,"3,110,574.711 ns","24,644.2438 ns","21,846.4802 ns",-,-,-,413 B
Run,Default,False,Default,Default,Default,Default,Default,Default,11111111,Empty,RyuJit,X64,8c5e7fda-e8bf-4a96-9a85-a6e23a8c635c,.NET Core 3.0,False,True,False,True,Default,Default,False,False,False,Default,Default,Default,Default,Default,Default,Default,1,Default,Default,Default,Default,Default,Default,Default,Default,16,Default,Syste(...)ngle] [32],DeepRows,CsvHelper,"26,447,274.476 ns","194,368.3408 ns","181,812.2666 ns",312.5000,-,-,21201264 B
Run,Default,False,Default,Default,Default,Default,Default,Default,11111111,Empty,RyuJit,X64,8c5e7fda-e8bf-4a96-9a85-a6e23a8c635c,.NET Core 3.0,False,True,False,True,Default,Default,False,False,False,Default,Default,Default,Default,Default,Default,Default,1,Default,Default,Default,Default,Default,Default,Default,Default,16,Default,Syste(...)ngle] [32],ShallowRows,Cesil,"2,977.468 ns",42.1171 ns,39.3964 ns,0.0038,-,-,408 B
Run,Default,False,Default,Default,Default,Default,Default,Default,11111111,Empty,RyuJit,X64,8c5e7fda-e8bf-4a96-9a85-a6e23a8c635c,.NET Core 3.0,False,True,False,True,Default,Default,False,False,False,Default,Default,Default,Default,Default,Default,Default,1,Default,Default,Default,Default,Default,Default,Default,Default,16,Default,Syste(...)ngle] [32],ShallowRows,CsvHelper,"536,540.270 ns","12,384.1615 ns","12,717.6220 ns",-,-,-,33585 B
Run,Default,False,Default,Default,Default,Default,Default,Default,11111111,Empty,RyuJit,X64,8c5e7fda-e8bf-4a96-9a85-a6e23a8c635c,.NET Core 3.0,False,True,False,True,Default,Default,False,False,False,Default,Default,Default,Default,Default,Default,Default,1,Default,Default,Default,Default,Default,Default,Default,Default,16,Default,Syste(...)nt16] [32],DeepRows,Cesil,"1,855,850.875 ns","10,823.6716 ns","10,124.4691 ns",-,-,-,411 B
Run,Default,False,Default,Default,Default,Default,Default,Default,11111111,Empty,RyuJit,X64,8c5e7fda-e8bf-4a96-9a85-a6e23a8c635c,.NET Core 3.0,False,True,False,True,Default,Default,False,False,False,Default,Default,Default,Default,Default,Default,Default,1,Default,Default,Default,Default,Default,Default,Default,Default,16,Default,Syste(...)nt16] [32],DeepRows,CsvHelper,"24,418,619.327 ns","383,585.5419 ns","340,038.5917 ns",312.5000,-,-,21093996 B
Run,Default,False,Default,Default,Default,Default,Default,Default,11111111,Empty,RyuJit,X64,8c5e7fda-e8bf-4a96-9a85-a6e23a8c635c,.NET Core 3.0,False,True,False,True,Default,Default,False,False,False,Default,Default,Default,Default,Default,Default,Default,1,Default,Default,Default,Default,Default,Default,Default,Default,16,Default,Syste(...)nt16] [32],ShallowRows,Cesil,"1,780.420 ns",20.9897 ns,19.6337 ns,0.0057,-,-,408 B
Run,Default,False,Default,Default,Default,Default,Default,Default,11111111,Empty,RyuJit,X64,8c5e7fda-e8bf-4a96-9a85-a6e23a8c635c,.NET Core 3.0,False,True,False,True,Default,Default,False,False,False,Default,Default,Default,Default,Default,Default,Default,1,Default,Default,Default,Default,Default,Default,Default,Default,16,Default,Syste(...)nt16] [32],ShallowRows,CsvHelper,"523,146.745 ns","2,961.5646 ns","2,770.2494 ns",-,-,-,33427 B
Run,Default,False,Default,Default,Default,Default,Default,Default,11111111,Empty,RyuJit,X64,8c5e7fda-e8bf-4a96-9a85-a6e23a8c635c,.NET Core 3.0,False,True,False,True,Default,Default,False,False,False,Default,Default,Default,Default,Default,Default,Default,1,Default,Default,Default,Default,Default,Default,Default,Default,16,Default,Syste(...)nt32] [32],DeepRows,Cesil,"1,913,539.414 ns","4,343.5727 ns","3,391.1758 ns",-,-,-,409 B
Run,Default,False,Default,Default,Default,Default,Default,Default,11111111,Empty,RyuJit,X64,8c5e7fda-e8bf-4a96-9a85-a6e23a8c635c,.NET Core 3.0,False,True,False,True,Default,Default,False,False,False,Default,Default,Default,Default,Default,Default,Default,1,Default,Default,Default,Default,Default,Default,Default,Default,16,Default,Syste(...)nt32] [32],DeepRows,CsvHelper,"23,540,200.228 ns","273,081.8323 ns","255,440.9153 ns",312.5000,-,-,21162220 B
Run,Default,False,Default,Default,Default,Default,Default,Default,11111111,Empty,RyuJit,X64,8c5e7fda-e8bf-4a96-9a85-a6e23a8c635c,.NET Core 3.0,False,True,False,True,Default,Default,False,False,False,Default,Default,Default,Default,Default,Default,Default,1,Default,Default,Default,Default,Default,Default,Default,Default,16,Default,Syste(...)nt32] [32],ShallowRows,Cesil,"2,010.238 ns",29.0805 ns,27.2019 ns,0.0038,-,-,408 B
Run,Default,False,Default,Default,Default,Default,Default,Default,11111111,Empty,RyuJit,X64,8c5e7fda-e8bf-4a96-9a85-a6e23a8c635c,.NET Core 3.0,False,True,False,True,Default,Default,False,False,False,Default,Default,Default,Default,Default,Default,Default,1,Default,Default,Default,Default,Default,Default,Default,Default,16,Default,Syste(...)nt32] [32],ShallowRows,CsvHelper,"517,619.782 ns","2,044.2885 ns","1,707.0735 ns",-,-,-,33546 B
Run,Default,False,Default,Default,Default,Default,Default,Default,11111111,Empty,RyuJit,X64,8c5e7fda-e8bf-4a96-9a85-a6e23a8c635c,.NET Core 3.0,False,True,False,True,Default,Default,False,False,False,Default,Default,Default,Default,Default,Default,Default,1,Default,Default,Default,Default,Default,Default,Default,Default,16,Default,Syste(...)nt64] [32],DeepRows,Cesil,"2,019,422.398 ns","34,463.9591 ns","30,551.4020 ns",-,-,-,413 B
Run,Default,False,Default,Default,Default,Default,Default,Default,11111111,Empty,RyuJit,X64,8c5e7fda-e8bf-4a96-9a85-a6e23a8c635c,.NET Core 3.0,False,True,False,True,Default,Default,False,False,False,Default,Default,Default,Default,Default,Default,Default,1,Default,Default,Default,Default,Default,Default,Default,Default,16,Default,Syste(...)nt64] [32],DeepRows,CsvHelper,"23,926,521.303 ns","297,807.1907 ns","278,569.0309 ns",312.5000,-,-,21248220 B
Run,Default,False,Default,Default,Default,Default,Default,Default,11111111,Empty,RyuJit,X64,8c5e7fda-e8bf-4a96-9a85-a6e23a8c635c,.NET Core 3.0,False,True,False,True,Default,Default,False,False,False,Default,Default,Default,Default,Default,Default,Default,1,Default,Default,Default,Default,Default,Default,Default,Default,16,Default,Syste(...)nt64] [32],ShallowRows,Cesil,"1,580.876 ns",12.2290 ns,10.8407 ns,0.0057,-,-,408 B
Run,Default,False,Default,Default,Default,Default,Default,Default,11111111,Empty,RyuJit,X64,8c5e7fda-e8bf-4a96-9a85-a6e23a8c635c,.NET Core 3.0,False,True,False,True,Default,Default,False,False,False,Default,Default,Default,Default,Default,Default,Default,1,Default,Default,Default,Default,Default,Default,Default,Default,16,Default,Syste(...)nt64] [32],ShallowRows,CsvHelper,"530,705.681 ns","3,682.5040 ns","3,264.4439 ns",-,-,-,33435 B
Run,Default,False,Default,Default,Default,Default,Default,Default,11111111,Empty,RyuJit,X64,8c5e7fda-e8bf-4a96-9a85-a6e23a8c635c,.NET Core 3.0,False,True,False,True,Default,Default,False,False,False,Default,Default,Default,Default,Default,Default,Default,1,Default,Default,Default,Default,Default,Default,Default,Default,16,Default,System.SByte,DeepRows,Cesil,"2,796,184.158 ns","42,939.1185 ns","40,165.2781 ns",-,-,-,408 B
Run,Default,False,Default,Default,Default,Default,Default,Default,11111111,Empty,RyuJit,X64,8c5e7fda-e8bf-4a96-9a85-a6e23a8c635c,.NET Core 3.0,False,True,False,True,Default,Default,False,False,False,Default,Default,Default,Default,Default,Default,Default,1,Default,Default,Default,Default,Default,Default,Default,Default,16,Default,System.SByte,DeepRows,CsvHelper,"22,376,439.592 ns","443,081.9273 ns","544,144.3979 ns",281.2500,-,-,19119573 B
Run,Default,False,Default,Default,Default,Default,Default,Default,11111111,Empty,RyuJit,X64,8c5e7fda-e8bf-4a96-9a85-a6e23a8c635c,.NET Core 3.0,False,True,False,True,Default,Default,False,False,False,Default,Default,Default,Default,Default,Default,Default,1,Default,Default,Default,Default,Default,Default,Default,Default,16,Default,System.SByte,ShallowRows,Cesil,"3,096.731 ns",26.1768 ns,21.8589 ns,0.0038,-,-,408 B
Run,Default,False,Default,Default,Default,Default,Default,Default,11111111,Empty,RyuJit,X64,8c5e7fda-e8bf-4a96-9a85-a6e23a8c635c,.NET Core 3.0,False,True,False,True,Default,Default,False,False,False,Default,Default,Default,Default,Default,Default,Default,1,Default,Default,Default,Default,Default,Default,Default,Default,16,Default,System.SByte,ShallowRows,CsvHelper,"517,796.708 ns","4,037.1061 ns","3,578.7894 ns",-,-,-,31323 B
Run,Default,False,Default,Default,Default,Default,Default,Default,11111111,Empty,RyuJit,X64,8c5e7fda-e8bf-4a96-9a85-a6e23a8c635c,.NET Core 3.0,False,True,False,True,Default,Default,False,False,False,Default,Default,Default,Default,Default,Default,Default,1,Default,Default,Default,Default,Default,Default,Default,Default,16,Default,System.Single,DeepRows,Cesil,"5,182,557.756 ns","21,112.9762 ns","17,630.2914 ns",-,-,-,419 B
Run,Default,False,Default,Default,Default,Default,Default,Default,11111111,Empty,RyuJit,X64,8c5e7fda-e8bf-4a96-9a85-a6e23a8c635c,.NET Core 3.0,False,True,False,True,Default,Default,False,False,False,Default,Default,Default,Default,Default,Default,Default,1,Default,Default,Default,Default,Default,Default,Default,Default,16,Default,System.Single,DeepRows,CsvHelper,"25,666,809.569 ns","384,304.4516 ns","359,478.6225 ns",281.2500,-,-,19352559 B
Run,Default,False,Default,Default,Default,Default,Default,Default,11111111,Empty,RyuJit,X64,8c5e7fda-e8bf-4a96-9a85-a6e23a8c635c,.NET Core 3.0,False,True,False,True,Default,Default,False,False,False,Default,Default,Default,Default,Default,Default,Default,1,Default,Default,Default,Default,Default,Default,Default,Default,16,Default,System.Single,ShallowRows,Cesil,"5,801.477 ns",66.8757 ns,62.5556 ns,-,-,-,408 B
Run,Default,False,Default,Default,Default,Default,Default,Default,11111111,Empty,RyuJit,X64,8c5e7fda-e8bf-4a96-9a85-a6e23a8c635c,.NET Core 3.0,False,True,False,True,Default,Default,False,False,False,Default,Default,Default,Default,Default,Default,Default,1,Default,Default,Default,Default,Default,Default,Default,Default,16,Default,System.Single,ShallowRows,CsvHelper,"528,489.425 ns","2,722.6073 ns","2,546.7286 ns",-,-,-,31549 B
Run,Default,False,Default,Default,Default,Default,Default,Default,11111111,Empty,RyuJit,X64,8c5e7fda-e8bf-4a96-9a85-a6e23a8c635c,.NET Core 3.0,False,True,False,True,Default,Default,False,False,False,Default,Default,Default,Default,Default,Default,Default,1,Default,Default,Default,Default,Default,Default,Default,Default,16,Default,System.String,DeepRows,Cesil,"2,154,940.625 ns","13,754.1002 ns","12,865.5939 ns",-,-,-,434 B
Run,Default,False,Default,Default,Default,Default,Default,Default,11111111,Empty,RyuJit,X64,8c5e7fda-e8bf-4a96-9a85-a6e23a8c635c,.NET Core 3.0,False,True,False,True,Default,Default,False,False,False,Default,Default,Default,Default,Default,Default,Default,1,Default,Default,Default,Default,Default,Default,Default,Default,16,Default,System.String,DeepRows,CsvHelper,"22,368,375.344 ns","320,055.0625 ns","299,379.7041 ns",281.2500,-,-,19217606 B
Run,Default,False,Default,Default,Default,Default,Default,Default,11111111,Empty,RyuJit,X64,8c5e7fda-e8bf-4a96-9a85-a6e23a8c635c,.NET Core 3.0,False,True,False,True,Default,Default,False,False,False,Default,Default,Default,Default,Default,Default,Default,1,Default,Default,Default,Default,Default,Default,Default,Default,16,Default,System.String,ShallowRows,Cesil,"2,944.692 ns",16.1630 ns,14.3281 ns,0.0038,-,-,432 B
Run,Default,False,Default,Default,Default,Default,Default,Default,11111111,Empty,RyuJit,X64,8c5e7fda-e8bf-4a96-9a85-a6e23a8c635c,.NET Core 3.0,False,True,False,True,Default,Default,False,False,False,Default,Default,Default,Default,Default,Default,Default,1,Default,Default,Default,Default,Default,Default,Default,Default,16,Default,System.String,ShallowRows,CsvHelper,"495,631.796 ns","3,474.6977 ns","2,901.5300 ns",-,-,-,31618 B
Run,Default,False,Default,Default,Default,Default,Default,Default,11111111,Empty,RyuJit,X64,8c5e7fda-e8bf-4a96-9a85-a6e23a8c635c,.NET Core 3.0,False,True,False,True,Default,Default,False,False,False,Default,Default,Default,Default,Default,Default,Default,1,Default,Default,Default,Default,Default,Default,Default,Default,16,Default,System.UInt16,DeepRows,Cesil,"2,652,907.070 ns","11,670.4829 ns","10,916.5770 ns",-,-,-,410 B
Run,Default,False,Default,Default,Default,Default,Default,Default,11111111,Empty,RyuJit,X64,8c5e7fda-e8bf-4a96-9a85-a6e23a8c635c,.NET Core 3.0,False,True,False,True,Default,Default,False,False,False,Default,Default,Default,Default,Default,Default,Default,1,Default,Default,Default,Default,Default,Default,Default,Default,16,Default,System.UInt16,DeepRows,CsvHelper,"21,234,886.782 ns","329,281.7497 ns","291,899.6943 ns",281.2500,-,-,19132661 B
Run,Default,False,Default,Default,Default,Default,Default,Default,11111111,Empty,RyuJit,X64,8c5e7fda-e8bf-4a96-9a85-a6e23a8c635c,.NET Core 3.0,False,True,False,True,Default,Default,False,False,False,Default,Default,Default,Default,Default,Default,Default,1,Default,Default,Default,Default,Default,Default,Default,Default,16,Default,System.UInt16,ShallowRows,Cesil,"3,060.247 ns",26.3471 ns,23.3560 ns,0.0038,-,-,408 B
Run,Default,False,Default,Default,Default,Default,Default,Default,11111111,Empty,RyuJit,X64,8c5e7fda-e8bf-4a96-9a85-a6e23a8c635c,.NET Core 3.0,False,True,False,True,Default,Default,False,False,False,Default,Default,Default,Default,Default,Default,Default,1,Default,Default,Default,Default,Default,Default,Default,Default,16,Default,System.UInt16,ShallowRows,CsvHelper,"518,982.218 ns","5,959.7934 ns","5,574.7945 ns",-,-,-,31323 B
Run,Default,False,Default,Default,Default,Default,Default,Default,11111111,Empty,RyuJit,X64,8c5e7fda-e8bf-4a96-9a85-a6e23a8c635c,.NET Core 3.0,False,True,False,True,Default,Default,False,False,False,Default,Default,Default,Default,Default,Default,Default,1,Default,Default,Default,Default,Default,Default,Default,Default,16,Default,System.UInt32,DeepRows,Cesil,"2,874,883.677 ns","14,269.9943 ns","11,141.0729 ns",-,-,-,411 B
Run,Default,False,Default,Default,Default,Default,Default,Default,11111111,Empty,RyuJit,X64,8c5e7fda-e8bf-4a96-9a85-a6e23a8c635c,.NET Core 3.0,False,True,False,True,Default,Default,False,False,False,Default,Default,Default,Default,Default,Default,Default,1,Default,Default,Default,Default,Default,Default,Default,Default,16,Default,System.UInt32,DeepRows,CsvHelper,"22,723,847.606 ns","309,651.5905 ns","274,498.0695 ns",281.2500,-,-,19274143 B
Run,Default,False,Default,Default,Default,Default,Default,Default,11111111,Empty,RyuJit,X64,8c5e7fda-e8bf-4a96-9a85-a6e23a8c635c,.NET Core 3.0,False,True,False,True,Default,Default,False,False,False,Default,Default,Default,Default,Default,Default,Default,1,Default,Default,Default,Default,Default,Default,Default,Default,16,Default,System.UInt32,ShallowRows,Cesil,"3,277.119 ns",68.9098 ns,79.3566 ns,0.0038,-,-,408 B
Run,Default,False,Default,Default,Default,Default,Default,Default,11111111,Empty,RyuJit,X64,8c5e7fda-e8bf-4a96-9a85-a6e23a8c635c,.NET Core 3.0,False,True,False,True,Default,Default,False,False,False,Default,Default,Default,Default,Default,Default,Default,1,Default,Default,Default,Default,Default,Default,Default,Default,16,Default,System.UInt32,ShallowRows,CsvHelper,"516,600.568 ns","1,782.4943 ns","1,488.4634 ns",-,-,-,31458 B
Run,Default,False,Default,Default,Default,Default,Default,Default,11111111,Empty,RyuJit,X64,8c5e7fda-e8bf-4a96-9a85-a6e23a8c635c,.NET Core 3.0,False,True,False,True,Default,Default,False,False,False,Default,Default,Default,Default,Default,Default,Default,1,Default,Default,Default,Default,Default,Default,Default,Default,16,Default,System.UInt64,DeepRows,Cesil,"3,200,914.503 ns","47,629.4581 ns","39,772.7547 ns",-,-,-,413 B
Run,Default,False,Default,Default,Default,Default,Default,Default,11111111,Empty,RyuJit,X64,8c5e7fda-e8bf-4a96-9a85-a6e23a8c635c,.NET Core 3.0,False,True,False,True,Default,Default,False,False,False,Default,Default,Default,Default,Default,Default,Default,1,Default,Default,Default,Default,Default,Default,Default,Default,16,Default,System.UInt64,DeepRows,CsvHelper,"22,808,467.192 ns","145,512.5484 ns","136,112.5281 ns",281.2500,-,-,19452348 B
Run,Default,False,Default,Default,Default,Default,Default,Default,11111111,Empty,RyuJit,X64,8c5e7fda-e8bf-4a96-9a85-a6e23a8c635c,.NET Core 3.0,False,True,False,True,Default,Default,False,False,False,Default,Default,Default,Default,Default,Default,Default,1,Default,Default,Default,Default,Default,Default,Default,Default,16,Default,System.UInt64,ShallowRows,Cesil,"3,620.110 ns",70.1476 ns,75.0571 ns,0.0038,-,-,408 B
Run,Default,False,Default,Default,Default,Default,Default,Default,11111111,Empty,RyuJit,X64,8c5e7fda-e8bf-4a96-9a85-a6e23a8c635c,.NET Core 3.0,False,True,False,True,Default,Default,False,False,False,Default,Default,Default,Default,Default,Default,Default,1,Default,Default,Default,Default,Default,Default,Default,Default,16,Default,System.UInt64,ShallowRows,CsvHelper,"527,237.518 ns","4,982.8593 ns","4,417.1750 ns",-,-,-,31655 B
Run,Default,False,Default,Default,Default,Default,Default,Default,11111111,Empty,RyuJit,X64,8c5e7fda-e8bf-4a96-9a85-a6e23a8c635c,.NET Core 3.0,False,True,False,True,Default,Default,False,False,False,Default,Default,Default,Default,Default,Default,Default,1,Default,Default,Default,Default,Default,Default,Default,Default,16,Default,System.Uri,DeepRows,Cesil,"2,851,466.272 ns","55,016.5094 ns","56,497.9046 ns",-,-,-,408 B
Run,Default,False,Default,Default,Default,Default,Default,Default,11111111,Empty,RyuJit,X64,8c5e7fda-e8bf-4a96-9a85-a6e23a8c635c,.NET Core 3.0,False,True,False,True,Default,Default,False,False,False,Default,Default,Default,Default,Default,Default,Default,1,Default,Default,Default,Default,Default,Default,Default,Default,16,Default,System.Uri,DeepRows,CsvHelper,"22,856,230.265 ns","180,943.1964 ns","160,401.4306 ns",250.0000,-,-,18412868 B
Run,Default,False,Default,Default,Default,Default,Default,Default,11111111,Empty,RyuJit,X64,8c5e7fda-e8bf-4a96-9a85-a6e23a8c635c,.NET Core 3.0,False,True,False,True,Default,Default,False,False,False,Default,Default,Default,Default,Default,Default,Default,1,Default,Default,Default,Default,Default,Default,Default,Default,16,Default,System.Uri,ShallowRows,Cesil,"3,138.474 ns",58.5200 ns,57.4745 ns,0.0038,-,-,408 B
Run,Default,False,Default,Default,Default,Default,Default,Default,11111111,Empty,RyuJit,X64,8c5e7fda-e8bf-4a96-9a85-a6e23a8c635c,.NET Core 3.0,False,True,False,True,Default,Default,False,False,False,Default,Default,Default,Default,Default,Default,Default,1,Default,Default,Default,Default,Default,Default,Default,Default,16,Default,System.Uri,ShallowRows,CsvHelper,"501,003.226 ns","2,097.1946 ns","1,859.1084 ns",-,-,-,30699 B
