Method,Job,AnalyzeLaunchVariance,EvaluateOverhead,MaxAbsoluteError,MaxRelativeError,MinInvokeCount,MinIterationTime,OutlierMode,Affinity,EnvironmentVariables,Jit,Platform,PowerPlanMode,Runtime,AllowVeryLargeObjects,Concurrent,CpuGroups,Force,HeapAffinitizeMask,HeapCount,NoAffinitize,RetainVm,Server,Arguments,BuildConfiguration,Clock,EngineFactory,NuGetReferences,Toolchain,IsMutator,InvocationCount,IterationCount,IterationTime,LaunchCount,MaxIterationCount,MaxWarmupIterationCount,MinIterationCount,MinWarmupIterationCount,RunStrategy,UnrollFactor,WarmupCount,DataSet,DataSetSize,NoOrderPrecent,Mean [ns],Error [ns],StdDev [ns],Median [ns],Ratio,RatioSD,Gen 0,Gen 1,Gen 2,Allocated [B]
Naive,DefaultJob,False,Default,Default,Default,Default,Default,Default,11111111,Empty,RyuJit,X64,8c5e7fda-e8bf-4a96-9a85-a6e23a8c635c,.NET Core 3.0,False,True,False,True,Default,Default,False,False,False,Default,Default,Default,Default,Default,Default,Default,1,Default,Default,Default,Default,Default,Default,Default,Default,16,Default,InOrder,1,0,313.0 ns,14.99 ns,43.50 ns,297.0 ns,1.00,0.00,0.0048,-,-,328 B
Helper,DefaultJob,False,Default,Default,Default,Default,Default,Default,11111111,Empty,RyuJit,X64,8c5e7fda-e8bf-4a96-9a85-a6e23a8c635c,.NET Core 3.0,False,True,False,True,Default,Default,False,False,False,Default,Default,Default,Default,Default,Default,Default,1,Default,Default,Default,Default,Default,Default,Default,Default,16,Default,InOrder,1,0,152.8 ns,0.99 ns,0.83 ns,152.9 ns,0.49,0.05,0.0041,-,-,272 B
Naive,DefaultJob,False,Default,Default,Default,Default,Default,Default,11111111,Empty,RyuJit,X64,8c5e7fda-e8bf-4a96-9a85-a6e23a8c635c,.NET Core 3.0,False,True,False,True,Default,Default,False,False,False,Default,Default,Default,Default,Default,Default,Default,1,Default,Default,Default,Default,Default,Default,Default,Default,16,Default,InOrder,1,0.25,284.6 ns,5.46 ns,6.50 ns,286.6 ns,1.00,0.00,0.0048,-,-,328 B
Helper,DefaultJob,False,Default,Default,Default,Default,Default,Default,11111111,Empty,RyuJit,X64,8c5e7fda-e8bf-4a96-9a85-a6e23a8c635c,.NET Core 3.0,False,True,False,True,Default,Default,False,False,False,Default,Default,Default,Default,Default,Default,Default,1,Default,Default,Default,Default,Default,Default,Default,Default,16,Default,InOrder,1,0.25,146.1 ns,1.20 ns,0.94 ns,146.2 ns,0.51,0.02,0.0041,-,-,272 B
Naive,DefaultJob,False,Default,Default,Default,Default,Default,Default,11111111,Empty,RyuJit,X64,8c5e7fda-e8bf-4a96-9a85-a6e23a8c635c,.NET Core 3.0,False,True,False,True,Default,Default,False,False,False,Default,Default,Default,Default,Default,Default,Default,1,Default,Default,Default,Default,Default,Default,Default,Default,16,Default,InOrder,1,0.5,283.1 ns,3.42 ns,3.03 ns,283.9 ns,1.00,0.00,0.0048,-,-,328 B
Helper,DefaultJob,False,Default,Default,Default,Default,Default,Default,11111111,Empty,RyuJit,X64,8c5e7fda-e8bf-4a96-9a85-a6e23a8c635c,.NET Core 3.0,False,True,False,True,Default,Default,False,False,False,Default,Default,Default,Default,Default,Default,Default,1,Default,Default,Default,Default,Default,Default,Default,Default,16,Default,InOrder,1,0.5,153.6 ns,2.85 ns,2.38 ns,152.7 ns,0.54,0.01,0.0041,-,-,272 B
Naive,DefaultJob,False,Default,Default,Default,Default,Default,Default,11111111,Empty,RyuJit,X64,8c5e7fda-e8bf-4a96-9a85-a6e23a8c635c,.NET Core 3.0,False,True,False,True,Default,Default,False,False,False,Default,Default,Default,Default,Default,Default,Default,1,Default,Default,Default,Default,Default,Default,Default,Default,16,Default,InOrder,1,0.75,277.3 ns,5.46 ns,8.50 ns,281.1 ns,1.00,0.00,0.0048,-,-,328 B
Helper,DefaultJob,False,Default,Default,Default,Default,Default,Default,11111111,Empty,RyuJit,X64,8c5e7fda-e8bf-4a96-9a85-a6e23a8c635c,.NET Core 3.0,False,True,False,True,Default,Default,False,False,False,Default,Default,Default,Default,Default,Default,Default,1,Default,Default,Default,Default,Default,Default,Default,Default,16,Default,InOrder,1,0.75,118.2 ns,2.37 ns,4.46 ns,115.7 ns,0.43,0.02,0.0027,-,-,184 B
Naive,DefaultJob,False,Default,Default,Default,Default,Default,Default,11111111,Empty,RyuJit,X64,8c5e7fda-e8bf-4a96-9a85-a6e23a8c635c,.NET Core 3.0,False,True,False,True,Default,Default,False,False,False,Default,Default,Default,Default,Default,Default,Default,1,Default,Default,Default,Default,Default,Default,Default,Default,16,Default,InOrder,1,1,274.5 ns,5.45 ns,9.10 ns,278.2 ns,1.00,0.00,0.0048,-,-,328 B
Helper,DefaultJob,False,Default,Default,Default,Default,Default,Default,11111111,Empty,RyuJit,X64,8c5e7fda-e8bf-4a96-9a85-a6e23a8c635c,.NET Core 3.0,False,True,False,True,Default,Default,False,False,False,Default,Default,Default,Default,Default,Default,Default,1,Default,Default,Default,Default,Default,Default,Default,Default,16,Default,InOrder,1,1,120.5 ns,2.41 ns,3.82 ns,121.7 ns,0.44,0.02,0.0026,-,-,184 B
Naive,DefaultJob,False,Default,Default,Default,Default,Default,Default,11111111,Empty,RyuJit,X64,8c5e7fda-e8bf-4a96-9a85-a6e23a8c635c,.NET Core 3.0,False,True,False,True,Default,Default,False,False,False,Default,Default,Default,Default,Default,Default,Default,1,Default,Default,Default,Default,Default,Default,Default,Default,16,Default,InOrder,5,0,652.5 ns,1.26 ns,1.05 ns,652.7 ns,1.00,0.00,0.0067,-,-,480 B
Helper,DefaultJob,False,Default,Default,Default,Default,Default,Default,11111111,Empty,RyuJit,X64,8c5e7fda-e8bf-4a96-9a85-a6e23a8c635c,.NET Core 3.0,False,True,False,True,Default,Default,False,False,False,Default,Default,Default,Default,Default,Default,Default,1,Default,Default,Default,Default,Default,Default,Default,Default,16,Default,InOrder,5,0,435.2 ns,8.72 ns,16.17 ns,434.7 ns,0.67,0.03,0.0052,-,-,360 B
Naive,DefaultJob,False,Default,Default,Default,Default,Default,Default,11111111,Empty,RyuJit,X64,8c5e7fda-e8bf-4a96-9a85-a6e23a8c635c,.NET Core 3.0,False,True,False,True,Default,Default,False,False,False,Default,Default,Default,Default,Default,Default,Default,1,Default,Default,Default,Default,Default,Default,Default,Default,16,Default,InOrder,5,0.25,654.0 ns,11.35 ns,9.48 ns,649.2 ns,1.00,0.00,0.0067,-,-,480 B
Helper,DefaultJob,False,Default,Default,Default,Default,Default,Default,11111111,Empty,RyuJit,X64,8c5e7fda-e8bf-4a96-9a85-a6e23a8c635c,.NET Core 3.0,False,True,False,True,Default,Default,False,False,False,Default,Default,Default,Default,Default,Default,Default,1,Default,Default,Default,Default,Default,Default,Default,Default,16,Default,InOrder,5,0.25,428.5 ns,8.57 ns,13.59 ns,426.8 ns,0.67,0.02,0.0052,-,-,360 B
Naive,DefaultJob,False,Default,Default,Default,Default,Default,Default,11111111,Empty,RyuJit,X64,8c5e7fda-e8bf-4a96-9a85-a6e23a8c635c,.NET Core 3.0,False,True,False,True,Default,Default,False,False,False,Default,Default,Default,Default,Default,Default,Default,1,Default,Default,Default,Default,Default,Default,Default,Default,16,Default,InOrder,5,0.5,669.8 ns,3.53 ns,2.76 ns,669.5 ns,1.00,0.00,0.0067,-,-,480 B
Helper,DefaultJob,False,Default,Default,Default,Default,Default,Default,11111111,Empty,RyuJit,X64,8c5e7fda-e8bf-4a96-9a85-a6e23a8c635c,.NET Core 3.0,False,True,False,True,Default,Default,False,False,False,Default,Default,Default,Default,Default,Default,Default,1,Default,Default,Default,Default,Default,Default,Default,Default,16,Default,InOrder,5,0.5,431.1 ns,4.51 ns,4.82 ns,429.8 ns,0.64,0.01,0.0052,-,-,360 B
Naive,DefaultJob,False,Default,Default,Default,Default,Default,Default,11111111,Empty,RyuJit,X64,8c5e7fda-e8bf-4a96-9a85-a6e23a8c635c,.NET Core 3.0,False,True,False,True,Default,Default,False,False,False,Default,Default,Default,Default,Default,Default,Default,1,Default,Default,Default,Default,Default,Default,Default,Default,16,Default,InOrder,5,0.75,710.6 ns,14.00 ns,23.39 ns,711.1 ns,1.00,0.00,0.0067,-,-,480 B
Helper,DefaultJob,False,Default,Default,Default,Default,Default,Default,11111111,Empty,RyuJit,X64,8c5e7fda-e8bf-4a96-9a85-a6e23a8c635c,.NET Core 3.0,False,True,False,True,Default,Default,False,False,False,Default,Default,Default,Default,Default,Default,Default,1,Default,Default,Default,Default,Default,Default,Default,Default,16,Default,InOrder,5,0.75,376.5 ns,7.52 ns,12.56 ns,379.5 ns,0.53,0.02,0.0052,-,-,360 B
Naive,DefaultJob,False,Default,Default,Default,Default,Default,Default,11111111,Empty,RyuJit,X64,8c5e7fda-e8bf-4a96-9a85-a6e23a8c635c,.NET Core 3.0,False,True,False,True,Default,Default,False,False,False,Default,Default,Default,Default,Default,Default,Default,1,Default,Default,Default,Default,Default,Default,Default,Default,16,Default,InOrder,5,1,635.8 ns,2.77 ns,2.32 ns,635.3 ns,1.00,0.00,0.0067,-,-,480 B
Helper,DefaultJob,False,Default,Default,Default,Default,Default,Default,11111111,Empty,RyuJit,X64,8c5e7fda-e8bf-4a96-9a85-a6e23a8c635c,.NET Core 3.0,False,True,False,True,Default,Default,False,False,False,Default,Default,Default,Default,Default,Default,Default,1,Default,Default,Default,Default,Default,Default,Default,Default,16,Default,InOrder,5,1,296.2 ns,5.89 ns,12.03 ns,298.0 ns,0.47,0.02,0.0038,-,-,272 B
Naive,DefaultJob,False,Default,Default,Default,Default,Default,Default,11111111,Empty,RyuJit,X64,8c5e7fda-e8bf-4a96-9a85-a6e23a8c635c,.NET Core 3.0,False,True,False,True,Default,Default,False,False,False,Default,Default,Default,Default,Default,Default,Default,1,Default,Default,Default,Default,Default,Default,Default,Default,16,Default,InOrder,10,0,"1,147.9 ns",8.01 ns,6.69 ns,"1,148.7 ns",1.00,0.00,0.0095,-,-,760 B
Helper,DefaultJob,False,Default,Default,Default,Default,Default,Default,11111111,Empty,RyuJit,X64,8c5e7fda-e8bf-4a96-9a85-a6e23a8c635c,.NET Core 3.0,False,True,False,True,Default,Default,False,False,False,Default,Default,Default,Default,Default,Default,Default,1,Default,Default,Default,Default,Default,Default,Default,Default,16,Default,InOrder,10,0,854.8 ns,21.12 ns,61.27 ns,822.5 ns,0.76,0.06,0.0086,-,-,576 B
Naive,DefaultJob,False,Default,Default,Default,Default,Default,Default,11111111,Empty,RyuJit,X64,8c5e7fda-e8bf-4a96-9a85-a6e23a8c635c,.NET Core 3.0,False,True,False,True,Default,Default,False,False,False,Default,Default,Default,Default,Default,Default,Default,1,Default,Default,Default,Default,Default,Default,Default,Default,16,Default,InOrder,10,0.25,"1,140.2 ns",5.05 ns,3.94 ns,"1,141.1 ns",1.00,0.00,0.0095,-,-,760 B
Helper,DefaultJob,False,Default,Default,Default,Default,Default,Default,11111111,Empty,RyuJit,X64,8c5e7fda-e8bf-4a96-9a85-a6e23a8c635c,.NET Core 3.0,False,True,False,True,Default,Default,False,False,False,Default,Default,Default,Default,Default,Default,Default,1,Default,Default,Default,Default,Default,Default,Default,Default,16,Default,InOrder,10,0.25,844.8 ns,15.78 ns,42.12 ns,844.2 ns,0.76,0.02,0.0086,-,-,576 B
Naive,DefaultJob,False,Default,Default,Default,Default,Default,Default,11111111,Empty,RyuJit,X64,8c5e7fda-e8bf-4a96-9a85-a6e23a8c635c,.NET Core 3.0,False,True,False,True,Default,Default,False,False,False,Default,Default,Default,Default,Default,Default,Default,1,Default,Default,Default,Default,Default,Default,Default,Default,16,Default,InOrder,10,0.5,"1,178.5 ns",3.55 ns,2.97 ns,"1,178.6 ns",1.00,0.00,0.0095,-,-,760 B
Helper,DefaultJob,False,Default,Default,Default,Default,Default,Default,11111111,Empty,RyuJit,X64,8c5e7fda-e8bf-4a96-9a85-a6e23a8c635c,.NET Core 3.0,False,True,False,True,Default,Default,False,False,False,Default,Default,Default,Default,Default,Default,Default,1,Default,Default,Default,Default,Default,Default,Default,Default,16,Default,InOrder,10,0.5,869.8 ns,25.76 ns,74.73 ns,851.1 ns,0.76,0.07,0.0086,-,-,576 B
Naive,DefaultJob,False,Default,Default,Default,Default,Default,Default,11111111,Empty,RyuJit,X64,8c5e7fda-e8bf-4a96-9a85-a6e23a8c635c,.NET Core 3.0,False,True,False,True,Default,Default,False,False,False,Default,Default,Default,Default,Default,Default,Default,1,Default,Default,Default,Default,Default,Default,Default,Default,16,Default,InOrder,10,0.75,"1,160.0 ns",22.84 ns,27.19 ns,"1,153.3 ns",1.00,0.00,0.0095,-,-,760 B
Helper,DefaultJob,False,Default,Default,Default,Default,Default,Default,11111111,Empty,RyuJit,X64,8c5e7fda-e8bf-4a96-9a85-a6e23a8c635c,.NET Core 3.0,False,True,False,True,Default,Default,False,False,False,Default,Default,Default,Default,Default,Default,Default,1,Default,Default,Default,Default,Default,Default,Default,Default,16,Default,InOrder,10,0.75,736.3 ns,26.66 ns,77.35 ns,704.5 ns,0.63,0.07,0.0086,-,-,576 B
Naive,DefaultJob,False,Default,Default,Default,Default,Default,Default,11111111,Empty,RyuJit,X64,8c5e7fda-e8bf-4a96-9a85-a6e23a8c635c,.NET Core 3.0,False,True,False,True,Default,Default,False,False,False,Default,Default,Default,Default,Default,Default,Default,1,Default,Default,Default,Default,Default,Default,Default,Default,16,Default,InOrder,10,1,"1,128.8 ns",21.11 ns,25.93 ns,"1,133.5 ns",1.00,0.00,0.0095,-,-,760 B
Helper,DefaultJob,False,Default,Default,Default,Default,Default,Default,11111111,Empty,RyuJit,X64,8c5e7fda-e8bf-4a96-9a85-a6e23a8c635c,.NET Core 3.0,False,True,False,True,Default,Default,False,False,False,Default,Default,Default,Default,Default,Default,Default,1,Default,Default,Default,Default,Default,Default,Default,Default,16,Default,InOrder,10,1,500.5 ns,9.86 ns,7.70 ns,497.3 ns,0.44,0.01,0.0057,-,-,424 B
Naive,DefaultJob,False,Default,Default,Default,Default,Default,Default,11111111,Empty,RyuJit,X64,8c5e7fda-e8bf-4a96-9a85-a6e23a8c635c,.NET Core 3.0,False,True,False,True,Default,Default,False,False,False,Default,Default,Default,Default,Default,Default,Default,1,Default,Default,Default,Default,Default,Default,Default,Default,16,Default,InOrder,50,0,"5,306.3 ns",79.60 ns,66.47 ns,"5,285.3 ns",1.00,0.00,0.0305,-,-,2344 B
Helper,DefaultJob,False,Default,Default,Default,Default,Default,Default,11111111,Empty,RyuJit,X64,8c5e7fda-e8bf-4a96-9a85-a6e23a8c635c,.NET Core 3.0,False,True,False,True,Default,Default,False,False,False,Default,Default,Default,Default,Default,Default,Default,1,Default,Default,Default,Default,Default,Default,Default,Default,16,Default,InOrder,50,0,"3,477.5 ns",68.21 ns,93.37 ns,"3,430.0 ns",0.66,0.02,0.0267,-,-,1776 B
Naive,DefaultJob,False,Default,Default,Default,Default,Default,Default,11111111,Empty,RyuJit,X64,8c5e7fda-e8bf-4a96-9a85-a6e23a8c635c,.NET Core 3.0,False,True,False,True,Default,Default,False,False,False,Default,Default,Default,Default,Default,Default,Default,1,Default,Default,Default,Default,Default,Default,Default,Default,16,Default,InOrder,50,0.25,"6,243.7 ns",33.06 ns,25.81 ns,"6,249.2 ns",1.00,0.00,0.0305,-,-,2344 B
Helper,DefaultJob,False,Default,Default,Default,Default,Default,Default,11111111,Empty,RyuJit,X64,8c5e7fda-e8bf-4a96-9a85-a6e23a8c635c,.NET Core 3.0,False,True,False,True,Default,Default,False,False,False,Default,Default,Default,Default,Default,Default,Default,1,Default,Default,Default,Default,Default,Default,Default,Default,16,Default,InOrder,50,0.25,"3,988.3 ns",77.34 ns,89.06 ns,"4,011.2 ns",0.64,0.02,0.0229,-,-,1776 B
Naive,DefaultJob,False,Default,Default,Default,Default,Default,Default,11111111,Empty,RyuJit,X64,8c5e7fda-e8bf-4a96-9a85-a6e23a8c635c,.NET Core 3.0,False,True,False,True,Default,Default,False,False,False,Default,Default,Default,Default,Default,Default,Default,1,Default,Default,Default,Default,Default,Default,Default,Default,16,Default,InOrder,50,0.5,"5,908.9 ns",36.78 ns,32.60 ns,"5,893.2 ns",1.00,0.00,0.0305,-,-,2344 B
Helper,DefaultJob,False,Default,Default,Default,Default,Default,Default,11111111,Empty,RyuJit,X64,8c5e7fda-e8bf-4a96-9a85-a6e23a8c635c,.NET Core 3.0,False,True,False,True,Default,Default,False,False,False,Default,Default,Default,Default,Default,Default,Default,1,Default,Default,Default,Default,Default,Default,Default,Default,16,Default,InOrder,50,0.5,"3,743.5 ns",74.17 ns,121.86 ns,"3,766.0 ns",0.64,0.03,0.0267,-,-,1776 B
Naive,DefaultJob,False,Default,Default,Default,Default,Default,Default,11111111,Empty,RyuJit,X64,8c5e7fda-e8bf-4a96-9a85-a6e23a8c635c,.NET Core 3.0,False,True,False,True,Default,Default,False,False,False,Default,Default,Default,Default,Default,Default,Default,1,Default,Default,Default,Default,Default,Default,Default,Default,16,Default,InOrder,50,0.75,"5,609.3 ns",28.35 ns,26.52 ns,"5,600.0 ns",1.00,0.00,0.0305,-,-,2344 B
Helper,DefaultJob,False,Default,Default,Default,Default,Default,Default,11111111,Empty,RyuJit,X64,8c5e7fda-e8bf-4a96-9a85-a6e23a8c635c,.NET Core 3.0,False,True,False,True,Default,Default,False,False,False,Default,Default,Default,Default,Default,Default,Default,1,Default,Default,Default,Default,Default,Default,Default,Default,16,Default,InOrder,50,0.75,"3,450.0 ns",106.17 ns,306.31 ns,"3,317.8 ns",0.63,0.05,0.0267,-,-,1776 B
Naive,DefaultJob,False,Default,Default,Default,Default,Default,Default,11111111,Empty,RyuJit,X64,8c5e7fda-e8bf-4a96-9a85-a6e23a8c635c,.NET Core 3.0,False,True,False,True,Default,Default,False,False,False,Default,Default,Default,Default,Default,Default,Default,1,Default,Default,Default,Default,Default,Default,Default,Default,16,Default,InOrder,50,1,"5,934.3 ns",247.34 ns,709.66 ns,"5,575.5 ns",1.00,0.00,0.0305,-,-,2344 B
Helper,DefaultJob,False,Default,Default,Default,Default,Default,Default,11111111,Empty,RyuJit,X64,8c5e7fda-e8bf-4a96-9a85-a6e23a8c635c,.NET Core 3.0,False,True,False,True,Default,Default,False,False,False,Default,Default,Default,Default,Default,Default,Default,1,Default,Default,Default,Default,Default,Default,Default,Default,16,Default,InOrder,50,1,"1,966.1 ns",26.19 ns,21.87 ns,"1,962.8 ns",0.32,0.04,0.0153,-,-,1240 B
Naive,DefaultJob,False,Default,Default,Default,Default,Default,Default,11111111,Empty,RyuJit,X64,8c5e7fda-e8bf-4a96-9a85-a6e23a8c635c,.NET Core 3.0,False,True,False,True,Default,Default,False,False,False,Default,Default,Default,Default,Default,Default,Default,1,Default,Default,Default,Default,Default,Default,Default,Default,16,Default,InReverseOrder,1,0,277.3 ns,9.77 ns,27.56 ns,268.8 ns,1.00,0.00,0.0048,-,-,328 B
Helper,DefaultJob,False,Default,Default,Default,Default,Default,Default,11111111,Empty,RyuJit,X64,8c5e7fda-e8bf-4a96-9a85-a6e23a8c635c,.NET Core 3.0,False,True,False,True,Default,Default,False,False,False,Default,Default,Default,Default,Default,Default,Default,1,Default,Default,Default,Default,Default,Default,Default,Default,16,Default,InReverseOrder,1,0,148.9 ns,2.38 ns,2.11 ns,148.5 ns,0.50,0.05,0.0041,-,-,272 B
Naive,DefaultJob,False,Default,Default,Default,Default,Default,Default,11111111,Empty,RyuJit,X64,8c5e7fda-e8bf-4a96-9a85-a6e23a8c635c,.NET Core 3.0,False,True,False,True,Default,Default,False,False,False,Default,Default,Default,Default,Default,Default,Default,1,Default,Default,Default,Default,Default,Default,Default,Default,16,Default,InReverseOrder,1,0.25,286.9 ns,11.56 ns,33.90 ns,273.2 ns,1.00,0.00,0.0048,-,-,328 B
Helper,DefaultJob,False,Default,Default,Default,Default,Default,Default,11111111,Empty,RyuJit,X64,8c5e7fda-e8bf-4a96-9a85-a6e23a8c635c,.NET Core 3.0,False,True,False,True,Default,Default,False,False,False,Default,Default,Default,Default,Default,Default,Default,1,Default,Default,Default,Default,Default,Default,Default,Default,16,Default,InReverseOrder,1,0.25,146.5 ns,0.77 ns,0.60 ns,146.5 ns,0.53,0.05,0.0041,-,-,272 B
Naive,DefaultJob,False,Default,Default,Default,Default,Default,Default,11111111,Empty,RyuJit,X64,8c5e7fda-e8bf-4a96-9a85-a6e23a8c635c,.NET Core 3.0,False,True,False,True,Default,Default,False,False,False,Default,Default,Default,Default,Default,Default,Default,1,Default,Default,Default,Default,Default,Default,Default,Default,16,Default,InReverseOrder,1,0.5,288.4 ns,10.07 ns,28.89 ns,280.2 ns,1.00,0.00,0.0048,-,-,328 B
Helper,DefaultJob,False,Default,Default,Default,Default,Default,Default,11111111,Empty,RyuJit,X64,8c5e7fda-e8bf-4a96-9a85-a6e23a8c635c,.NET Core 3.0,False,True,False,True,Default,Default,False,False,False,Default,Default,Default,Default,Default,Default,Default,1,Default,Default,Default,Default,Default,Default,Default,Default,16,Default,InReverseOrder,1,0.5,150.9 ns,3.00 ns,3.21 ns,151.0 ns,0.54,0.04,0.0041,-,-,272 B
Naive,DefaultJob,False,Default,Default,Default,Default,Default,Default,11111111,Empty,RyuJit,X64,8c5e7fda-e8bf-4a96-9a85-a6e23a8c635c,.NET Core 3.0,False,True,False,True,Default,Default,False,False,False,Default,Default,Default,Default,Default,Default,Default,1,Default,Default,Default,Default,Default,Default,Default,Default,16,Default,InReverseOrder,1,0.75,265.7 ns,5.09 ns,4.76 ns,266.8 ns,1.00,0.00,0.0048,-,-,328 B
Helper,DefaultJob,False,Default,Default,Default,Default,Default,Default,11111111,Empty,RyuJit,X64,8c5e7fda-e8bf-4a96-9a85-a6e23a8c635c,.NET Core 3.0,False,True,False,True,Default,Default,False,False,False,Default,Default,Default,Default,Default,Default,Default,1,Default,Default,Default,Default,Default,Default,Default,Default,16,Default,InReverseOrder,1,0.75,116.1 ns,2.33 ns,6.11 ns,115.5 ns,0.46,0.02,0.0027,-,-,184 B
Naive,DefaultJob,False,Default,Default,Default,Default,Default,Default,11111111,Empty,RyuJit,X64,8c5e7fda-e8bf-4a96-9a85-a6e23a8c635c,.NET Core 3.0,False,True,False,True,Default,Default,False,False,False,Default,Default,Default,Default,Default,Default,Default,1,Default,Default,Default,Default,Default,Default,Default,Default,16,Default,InReverseOrder,1,1,262.7 ns,4.99 ns,5.12 ns,265.1 ns,1.00,0.00,0.0048,-,-,328 B
Helper,DefaultJob,False,Default,Default,Default,Default,Default,Default,11111111,Empty,RyuJit,X64,8c5e7fda-e8bf-4a96-9a85-a6e23a8c635c,.NET Core 3.0,False,True,False,True,Default,Default,False,False,False,Default,Default,Default,Default,Default,Default,Default,1,Default,Default,Default,Default,Default,Default,Default,Default,16,Default,InReverseOrder,1,1,111.3 ns,2.22 ns,2.64 ns,110.7 ns,0.42,0.01,0.0026,-,-,184 B
Naive,DefaultJob,False,Default,Default,Default,Default,Default,Default,11111111,Empty,RyuJit,X64,8c5e7fda-e8bf-4a96-9a85-a6e23a8c635c,.NET Core 3.0,False,True,False,True,Default,Default,False,False,False,Default,Default,Default,Default,Default,Default,Default,1,Default,Default,Default,Default,Default,Default,Default,Default,16,Default,InReverseOrder,5,0,727.8 ns,13.40 ns,12.53 ns,731.8 ns,1.00,0.00,0.0067,-,-,480 B
Helper,DefaultJob,False,Default,Default,Default,Default,Default,Default,11111111,Empty,RyuJit,X64,8c5e7fda-e8bf-4a96-9a85-a6e23a8c635c,.NET Core 3.0,False,True,False,True,Default,Default,False,False,False,Default,Default,Default,Default,Default,Default,Default,1,Default,Default,Default,Default,Default,Default,Default,Default,16,Default,InReverseOrder,5,0,518.3 ns,4.98 ns,4.66 ns,519.4 ns,0.71,0.01,0.0048,-,-,360 B
Naive,DefaultJob,False,Default,Default,Default,Default,Default,Default,11111111,Empty,RyuJit,X64,8c5e7fda-e8bf-4a96-9a85-a6e23a8c635c,.NET Core 3.0,False,True,False,True,Default,Default,False,False,False,Default,Default,Default,Default,Default,Default,Default,1,Default,Default,Default,Default,Default,Default,Default,Default,16,Default,InReverseOrder,5,0.25,774.1 ns,28.33 ns,81.74 ns,736.0 ns,1.00,0.00,0.0067,-,-,480 B
Helper,DefaultJob,False,Default,Default,Default,Default,Default,Default,11111111,Empty,RyuJit,X64,8c5e7fda-e8bf-4a96-9a85-a6e23a8c635c,.NET Core 3.0,False,True,False,True,Default,Default,False,False,False,Default,Default,Default,Default,Default,Default,Default,1,Default,Default,Default,Default,Default,Default,Default,Default,16,Default,InReverseOrder,5,0.25,693.9 ns,40.10 ns,116.33 ns,662.7 ns,0.90,0.17,0.0048,-,-,360 B
Naive,DefaultJob,False,Default,Default,Default,Default,Default,Default,11111111,Empty,RyuJit,X64,8c5e7fda-e8bf-4a96-9a85-a6e23a8c635c,.NET Core 3.0,False,True,False,True,Default,Default,False,False,False,Default,Default,Default,Default,Default,Default,Default,1,Default,Default,Default,Default,Default,Default,Default,Default,16,Default,InReverseOrder,5,0.5,742.0 ns,14.77 ns,35.39 ns,733.1 ns,1.00,0.00,0.0067,-,-,480 B
Helper,DefaultJob,False,Default,Default,Default,Default,Default,Default,11111111,Empty,RyuJit,X64,8c5e7fda-e8bf-4a96-9a85-a6e23a8c635c,.NET Core 3.0,False,True,False,True,Default,Default,False,False,False,Default,Default,Default,Default,Default,Default,Default,1,Default,Default,Default,Default,Default,Default,Default,Default,16,Default,InReverseOrder,5,0.5,482.6 ns,4.59 ns,3.83 ns,483.1 ns,0.65,0.02,0.0048,-,-,360 B
Naive,DefaultJob,False,Default,Default,Default,Default,Default,Default,11111111,Empty,RyuJit,X64,8c5e7fda-e8bf-4a96-9a85-a6e23a8c635c,.NET Core 3.0,False,True,False,True,Default,Default,False,False,False,Default,Default,Default,Default,Default,Default,Default,1,Default,Default,Default,Default,Default,Default,Default,Default,16,Default,InReverseOrder,5,0.75,734.9 ns,13.20 ns,34.76 ns,723.9 ns,1.00,0.00,0.0067,-,-,480 B
Helper,DefaultJob,False,Default,Default,Default,Default,Default,Default,11111111,Empty,RyuJit,X64,8c5e7fda-e8bf-4a96-9a85-a6e23a8c635c,.NET Core 3.0,False,True,False,True,Default,Default,False,False,False,Default,Default,Default,Default,Default,Default,Default,1,Default,Default,Default,Default,Default,Default,Default,Default,16,Default,InReverseOrder,5,0.75,355.0 ns,4.04 ns,3.37 ns,354.7 ns,0.49,0.03,0.0052,-,-,360 B
Naive,DefaultJob,False,Default,Default,Default,Default,Default,Default,11111111,Empty,RyuJit,X64,8c5e7fda-e8bf-4a96-9a85-a6e23a8c635c,.NET Core 3.0,False,True,False,True,Default,Default,False,False,False,Default,Default,Default,Default,Default,Default,Default,1,Default,Default,Default,Default,Default,Default,Default,Default,16,Default,InReverseOrder,5,1,677.4 ns,12.60 ns,12.37 ns,679.1 ns,1.00,0.00,0.0067,-,-,480 B
Helper,DefaultJob,False,Default,Default,Default,Default,Default,Default,11111111,Empty,RyuJit,X64,8c5e7fda-e8bf-4a96-9a85-a6e23a8c635c,.NET Core 3.0,False,True,False,True,Default,Default,False,False,False,Default,Default,Default,Default,Default,Default,Default,1,Default,Default,Default,Default,Default,Default,Default,Default,16,Default,InReverseOrder,5,1,284.0 ns,1.74 ns,1.36 ns,284.5 ns,0.42,0.01,0.0038,-,-,272 B
Naive,DefaultJob,False,Default,Default,Default,Default,Default,Default,11111111,Empty,RyuJit,X64,8c5e7fda-e8bf-4a96-9a85-a6e23a8c635c,.NET Core 3.0,False,True,False,True,Default,Default,False,False,False,Default,Default,Default,Default,Default,Default,Default,1,Default,Default,Default,Default,Default,Default,Default,Default,16,Default,InReverseOrder,10,0,"1,572.2 ns",31.44 ns,76.53 ns,"1,557.9 ns",1.00,0.00,0.0095,-,-,760 B
Helper,DefaultJob,False,Default,Default,Default,Default,Default,Default,11111111,Empty,RyuJit,X64,8c5e7fda-e8bf-4a96-9a85-a6e23a8c635c,.NET Core 3.0,False,True,False,True,Default,Default,False,False,False,Default,Default,Default,Default,Default,Default,Default,1,Default,Default,Default,Default,Default,Default,Default,Default,16,Default,InReverseOrder,10,0,"1,065.3 ns",20.95 ns,35.01 ns,"1,065.9 ns",0.69,0.04,0.0076,-,-,576 B
Naive,DefaultJob,False,Default,Default,Default,Default,Default,Default,11111111,Empty,RyuJit,X64,8c5e7fda-e8bf-4a96-9a85-a6e23a8c635c,.NET Core 3.0,False,True,False,True,Default,Default,False,False,False,Default,Default,Default,Default,Default,Default,Default,1,Default,Default,Default,Default,Default,Default,Default,Default,16,Default,InReverseOrder,10,0.25,"1,323.4 ns",21.91 ns,18.29 ns,"1,328.0 ns",1.00,0.00,0.0095,-,-,760 B
Helper,DefaultJob,False,Default,Default,Default,Default,Default,Default,11111111,Empty,RyuJit,X64,8c5e7fda-e8bf-4a96-9a85-a6e23a8c635c,.NET Core 3.0,False,True,False,True,Default,Default,False,False,False,Default,Default,Default,Default,Default,Default,Default,1,Default,Default,Default,Default,Default,Default,Default,Default,16,Default,InReverseOrder,10,0.25,"1,103.3 ns",39.73 ns,112.72 ns,"1,064.3 ns",0.79,0.06,0.0076,-,-,576 B
Naive,DefaultJob,False,Default,Default,Default,Default,Default,Default,11111111,Empty,RyuJit,X64,8c5e7fda-e8bf-4a96-9a85-a6e23a8c635c,.NET Core 3.0,False,True,False,True,Default,Default,False,False,False,Default,Default,Default,Default,Default,Default,Default,1,Default,Default,Default,Default,Default,Default,Default,Default,16,Default,InReverseOrder,10,0.5,"1,346.7 ns",25.94 ns,21.66 ns,"1,346.5 ns",1.00,0.00,0.0095,-,-,760 B
Helper,DefaultJob,False,Default,Default,Default,Default,Default,Default,11111111,Empty,RyuJit,X64,8c5e7fda-e8bf-4a96-9a85-a6e23a8c635c,.NET Core 3.0,False,True,False,True,Default,Default,False,False,False,Default,Default,Default,Default,Default,Default,Default,1,Default,Default,Default,Default,Default,Default,Default,Default,16,Default,InReverseOrder,10,0.5,880.3 ns,12.35 ns,12.13 ns,878.5 ns,0.65,0.01,0.0086,-,-,576 B
Naive,DefaultJob,False,Default,Default,Default,Default,Default,Default,11111111,Empty,RyuJit,X64,8c5e7fda-e8bf-4a96-9a85-a6e23a8c635c,.NET Core 3.0,False,True,False,True,Default,Default,False,False,False,Default,Default,Default,Default,Default,Default,Default,1,Default,Default,Default,Default,Default,Default,Default,Default,16,Default,InReverseOrder,10,0.75,"1,204.0 ns",23.96 ns,37.31 ns,"1,217.3 ns",1.00,0.00,0.0095,-,-,760 B
Helper,DefaultJob,False,Default,Default,Default,Default,Default,Default,11111111,Empty,RyuJit,X64,8c5e7fda-e8bf-4a96-9a85-a6e23a8c635c,.NET Core 3.0,False,True,False,True,Default,Default,False,False,False,Default,Default,Default,Default,Default,Default,Default,1,Default,Default,Default,Default,Default,Default,Default,Default,16,Default,InReverseOrder,10,0.75,669.0 ns,5.02 ns,3.92 ns,668.6 ns,0.56,0.02,0.0086,-,-,576 B
Naive,DefaultJob,False,Default,Default,Default,Default,Default,Default,11111111,Empty,RyuJit,X64,8c5e7fda-e8bf-4a96-9a85-a6e23a8c635c,.NET Core 3.0,False,True,False,True,Default,Default,False,False,False,Default,Default,Default,Default,Default,Default,Default,1,Default,Default,Default,Default,Default,Default,Default,Default,16,Default,InReverseOrder,10,1,"1,173.3 ns",22.95 ns,25.51 ns,"1,175.7 ns",1.00,0.00,0.0095,-,-,760 B
Helper,DefaultJob,False,Default,Default,Default,Default,Default,Default,11111111,Empty,RyuJit,X64,8c5e7fda-e8bf-4a96-9a85-a6e23a8c635c,.NET Core 3.0,False,True,False,True,Default,Default,False,False,False,Default,Default,Default,Default,Default,Default,Default,1,Default,Default,Default,Default,Default,Default,Default,Default,16,Default,InReverseOrder,10,1,506.4 ns,6.00 ns,5.01 ns,508.0 ns,0.43,0.01,0.0057,-,-,424 B
Naive,DefaultJob,False,Default,Default,Default,Default,Default,Default,11111111,Empty,RyuJit,X64,8c5e7fda-e8bf-4a96-9a85-a6e23a8c635c,.NET Core 3.0,False,True,False,True,Default,Default,False,False,False,Default,Default,Default,Default,Default,Default,Default,1,Default,Default,Default,Default,Default,Default,Default,Default,16,Default,InReverseOrder,50,0,"6,355.5 ns",118.72 ns,116.59 ns,"6,338.5 ns",1.00,0.00,0.0305,-,-,2344 B
Helper,DefaultJob,False,Default,Default,Default,Default,Default,Default,11111111,Empty,RyuJit,X64,8c5e7fda-e8bf-4a96-9a85-a6e23a8c635c,.NET Core 3.0,False,True,False,True,Default,Default,False,False,False,Default,Default,Default,Default,Default,Default,Default,1,Default,Default,Default,Default,Default,Default,Default,Default,16,Default,InReverseOrder,50,0,"5,263.2 ns",103.73 ns,155.26 ns,"5,210.5 ns",0.83,0.03,0.0229,-,-,1776 B
Naive,DefaultJob,False,Default,Default,Default,Default,Default,Default,11111111,Empty,RyuJit,X64,8c5e7fda-e8bf-4a96-9a85-a6e23a8c635c,.NET Core 3.0,False,True,False,True,Default,Default,False,False,False,Default,Default,Default,Default,Default,Default,Default,1,Default,Default,Default,Default,Default,Default,Default,Default,16,Default,InReverseOrder,50,0.25,"6,557.1 ns",121.00 ns,249.90 ns,"6,475.9 ns",1.00,0.00,0.0305,-,-,2344 B
Helper,DefaultJob,False,Default,Default,Default,Default,Default,Default,11111111,Empty,RyuJit,X64,8c5e7fda-e8bf-4a96-9a85-a6e23a8c635c,.NET Core 3.0,False,True,False,True,Default,Default,False,False,False,Default,Default,Default,Default,Default,Default,Default,1,Default,Default,Default,Default,Default,Default,Default,Default,16,Default,InReverseOrder,50,0.25,"4,761.0 ns",91.10 ns,108.45 ns,"4,804.9 ns",0.71,0.04,0.0229,-,-,1776 B
Naive,DefaultJob,False,Default,Default,Default,Default,Default,Default,11111111,Empty,RyuJit,X64,8c5e7fda-e8bf-4a96-9a85-a6e23a8c635c,.NET Core 3.0,False,True,False,True,Default,Default,False,False,False,Default,Default,Default,Default,Default,Default,Default,1,Default,Default,Default,Default,Default,Default,Default,Default,16,Default,InReverseOrder,50,0.5,"6,145.5 ns",120.22 ns,143.11 ns,"6,155.6 ns",1.00,0.00,0.0305,-,-,2344 B
Helper,DefaultJob,False,Default,Default,Default,Default,Default,Default,11111111,Empty,RyuJit,X64,8c5e7fda-e8bf-4a96-9a85-a6e23a8c635c,.NET Core 3.0,False,True,False,True,Default,Default,False,False,False,Default,Default,Default,Default,Default,Default,Default,1,Default,Default,Default,Default,Default,Default,Default,Default,16,Default,InReverseOrder,50,0.5,"4,814.6 ns",242.82 ns,715.97 ns,"4,500.3 ns",0.70,0.05,0.0229,-,-,1776 B
Naive,DefaultJob,False,Default,Default,Default,Default,Default,Default,11111111,Empty,RyuJit,X64,8c5e7fda-e8bf-4a96-9a85-a6e23a8c635c,.NET Core 3.0,False,True,False,True,Default,Default,False,False,False,Default,Default,Default,Default,Default,Default,Default,1,Default,Default,Default,Default,Default,Default,Default,Default,16,Default,InReverseOrder,50,0.75,"5,813.1 ns",115.35 ns,208.00 ns,"5,707.2 ns",1.00,0.00,0.0305,-,-,2344 B
Helper,DefaultJob,False,Default,Default,Default,Default,Default,Default,11111111,Empty,RyuJit,X64,8c5e7fda-e8bf-4a96-9a85-a6e23a8c635c,.NET Core 3.0,False,True,False,True,Default,Default,False,False,False,Default,Default,Default,Default,Default,Default,Default,1,Default,Default,Default,Default,Default,Default,Default,Default,16,Default,InReverseOrder,50,0.75,"3,420.8 ns",16.30 ns,12.73 ns,"3,417.3 ns",0.58,0.03,0.0267,-,-,1776 B
Naive,DefaultJob,False,Default,Default,Default,Default,Default,Default,11111111,Empty,RyuJit,X64,8c5e7fda-e8bf-4a96-9a85-a6e23a8c635c,.NET Core 3.0,False,True,False,True,Default,Default,False,False,False,Default,Default,Default,Default,Default,Default,Default,1,Default,Default,Default,Default,Default,Default,Default,Default,16,Default,InReverseOrder,50,1,"5,392.9 ns",86.52 ns,80.94 ns,"5,392.8 ns",1.00,0.00,0.0305,-,-,2344 B
Helper,DefaultJob,False,Default,Default,Default,Default,Default,Default,11111111,Empty,RyuJit,X64,8c5e7fda-e8bf-4a96-9a85-a6e23a8c635c,.NET Core 3.0,False,True,False,True,Default,Default,False,False,False,Default,Default,Default,Default,Default,Default,Default,1,Default,Default,Default,Default,Default,Default,Default,Default,16,Default,InReverseOrder,50,1,"2,018.9 ns",40.21 ns,44.69 ns,"2,021.7 ns",0.38,0.01,0.0153,-,-,1240 B
Naive,DefaultJob,False,Default,Default,Default,Default,Default,Default,11111111,Empty,RyuJit,X64,8c5e7fda-e8bf-4a96-9a85-a6e23a8c635c,.NET Core 3.0,False,True,False,True,Default,Default,False,False,False,Default,Default,Default,Default,Default,Default,Default,1,Default,Default,Default,Default,Default,Default,Default,Default,16,Default,RandomOrder,1,0,254.6 ns,3.13 ns,2.62 ns,254.3 ns,1.00,0.00,0.0048,-,-,328 B
Helper,DefaultJob,False,Default,Default,Default,Default,Default,Default,11111111,Empty,RyuJit,X64,8c5e7fda-e8bf-4a96-9a85-a6e23a8c635c,.NET Core 3.0,False,True,False,True,Default,Default,False,False,False,Default,Default,Default,Default,Default,Default,Default,1,Default,Default,Default,Default,Default,Default,Default,Default,16,Default,RandomOrder,1,0,165.1 ns,4.17 ns,11.75 ns,160.1 ns,0.66,0.05,0.0041,-,-,272 B
Naive,DefaultJob,False,Default,Default,Default,Default,Default,Default,11111111,Empty,RyuJit,X64,8c5e7fda-e8bf-4a96-9a85-a6e23a8c635c,.NET Core 3.0,False,True,False,True,Default,Default,False,False,False,Default,Default,Default,Default,Default,Default,Default,1,Default,Default,Default,Default,Default,Default,Default,Default,16,Default,RandomOrder,1,0.25,268.0 ns,5.22 ns,13.94 ns,262.9 ns,1.00,0.00,0.0048,-,-,328 B
Helper,DefaultJob,False,Default,Default,Default,Default,Default,Default,11111111,Empty,RyuJit,X64,8c5e7fda-e8bf-4a96-9a85-a6e23a8c635c,.NET Core 3.0,False,True,False,True,Default,Default,False,False,False,Default,Default,Default,Default,Default,Default,Default,1,Default,Default,Default,Default,Default,Default,Default,Default,16,Default,RandomOrder,1,0.25,161.7 ns,3.24 ns,4.65 ns,163.0 ns,0.60,0.04,0.0041,-,-,272 B
Naive,DefaultJob,False,Default,Default,Default,Default,Default,Default,11111111,Empty,RyuJit,X64,8c5e7fda-e8bf-4a96-9a85-a6e23a8c635c,.NET Core 3.0,False,True,False,True,Default,Default,False,False,False,Default,Default,Default,Default,Default,Default,Default,1,Default,Default,Default,Default,Default,Default,Default,Default,16,Default,RandomOrder,1,0.5,258.0 ns,3.70 ns,2.89 ns,257.2 ns,1.00,0.00,0.0048,-,-,328 B
Helper,DefaultJob,False,Default,Default,Default,Default,Default,Default,11111111,Empty,RyuJit,X64,8c5e7fda-e8bf-4a96-9a85-a6e23a8c635c,.NET Core 3.0,False,True,False,True,Default,Default,False,False,False,Default,Default,Default,Default,Default,Default,Default,1,Default,Default,Default,Default,Default,Default,Default,Default,16,Default,RandomOrder,1,0.5,158.4 ns,3.19 ns,7.46 ns,160.6 ns,0.62,0.03,0.0041,-,-,272 B
Naive,DefaultJob,False,Default,Default,Default,Default,Default,Default,11111111,Empty,RyuJit,X64,8c5e7fda-e8bf-4a96-9a85-a6e23a8c635c,.NET Core 3.0,False,True,False,True,Default,Default,False,False,False,Default,Default,Default,Default,Default,Default,Default,1,Default,Default,Default,Default,Default,Default,Default,Default,16,Default,RandomOrder,1,0.75,254.1 ns,2.28 ns,1.91 ns,254.0 ns,1.00,0.00,0.0048,-,-,328 B
Helper,DefaultJob,False,Default,Default,Default,Default,Default,Default,11111111,Empty,RyuJit,X64,8c5e7fda-e8bf-4a96-9a85-a6e23a8c635c,.NET Core 3.0,False,True,False,True,Default,Default,False,False,False,Default,Default,Default,Default,Default,Default,Default,1,Default,Default,Default,Default,Default,Default,Default,Default,16,Default,RandomOrder,1,0.75,122.7 ns,3.07 ns,8.55 ns,120.3 ns,0.50,0.03,0.0026,-,-,184 B
Naive,DefaultJob,False,Default,Default,Default,Default,Default,Default,11111111,Empty,RyuJit,X64,8c5e7fda-e8bf-4a96-9a85-a6e23a8c635c,.NET Core 3.0,False,True,False,True,Default,Default,False,False,False,Default,Default,Default,Default,Default,Default,Default,1,Default,Default,Default,Default,Default,Default,Default,Default,16,Default,RandomOrder,1,1,269.0 ns,7.10 ns,19.31 ns,260.3 ns,1.00,0.00,0.0048,-,-,328 B
Helper,DefaultJob,False,Default,Default,Default,Default,Default,Default,11111111,Empty,RyuJit,X64,8c5e7fda-e8bf-4a96-9a85-a6e23a8c635c,.NET Core 3.0,False,True,False,True,Default,Default,False,False,False,Default,Default,Default,Default,Default,Default,Default,1,Default,Default,Default,Default,Default,Default,Default,Default,16,Default,RandomOrder,1,1,125.0 ns,2.91 ns,7.97 ns,123.0 ns,0.47,0.05,0.0026,-,-,184 B
Naive,DefaultJob,False,Default,Default,Default,Default,Default,Default,11111111,Empty,RyuJit,X64,8c5e7fda-e8bf-4a96-9a85-a6e23a8c635c,.NET Core 3.0,False,True,False,True,Default,Default,False,False,False,Default,Default,Default,Default,Default,Default,Default,1,Default,Default,Default,Default,Default,Default,Default,Default,16,Default,RandomOrder,5,0,699.2 ns,10.65 ns,11.84 ns,696.9 ns,1.00,0.00,0.0067,-,-,480 B
Helper,DefaultJob,False,Default,Default,Default,Default,Default,Default,11111111,Empty,RyuJit,X64,8c5e7fda-e8bf-4a96-9a85-a6e23a8c635c,.NET Core 3.0,False,True,False,True,Default,Default,False,False,False,Default,Default,Default,Default,Default,Default,Default,1,Default,Default,Default,Default,Default,Default,Default,Default,16,Default,RandomOrder,5,0,524.2 ns,10.06 ns,20.77 ns,520.9 ns,0.75,0.03,0.0048,-,-,360 B
Naive,DefaultJob,False,Default,Default,Default,Default,Default,Default,11111111,Empty,RyuJit,X64,8c5e7fda-e8bf-4a96-9a85-a6e23a8c635c,.NET Core 3.0,False,True,False,True,Default,Default,False,False,False,Default,Default,Default,Default,Default,Default,Default,1,Default,Default,Default,Default,Default,Default,Default,Default,16,Default,RandomOrder,5,0.25,689.6 ns,13.78 ns,19.32 ns,680.7 ns,1.00,0.00,0.0067,-,-,480 B
Helper,DefaultJob,False,Default,Default,Default,Default,Default,Default,11111111,Empty,RyuJit,X64,8c5e7fda-e8bf-4a96-9a85-a6e23a8c635c,.NET Core 3.0,False,True,False,True,Default,Default,False,False,False,Default,Default,Default,Default,Default,Default,Default,1,Default,Default,Default,Default,Default,Default,Default,Default,16,Default,RandomOrder,5,0.25,469.7 ns,9.07 ns,19.72 ns,474.0 ns,0.69,0.03,0.0052,-,-,360 B
Naive,DefaultJob,False,Default,Default,Default,Default,Default,Default,11111111,Empty,RyuJit,X64,8c5e7fda-e8bf-4a96-9a85-a6e23a8c635c,.NET Core 3.0,False,True,False,True,Default,Default,False,False,False,Default,Default,Default,Default,Default,Default,Default,1,Default,Default,Default,Default,Default,Default,Default,Default,16,Default,RandomOrder,5,0.5,681.6 ns,13.43 ns,14.37 ns,687.0 ns,1.00,0.00,0.0067,-,-,480 B
Helper,DefaultJob,False,Default,Default,Default,Default,Default,Default,11111111,Empty,RyuJit,X64,8c5e7fda-e8bf-4a96-9a85-a6e23a8c635c,.NET Core 3.0,False,True,False,True,Default,Default,False,False,False,Default,Default,Default,Default,Default,Default,Default,1,Default,Default,Default,Default,Default,Default,Default,Default,16,Default,RandomOrder,5,0.5,389.1 ns,2.45 ns,2.05 ns,389.8 ns,0.57,0.01,0.0052,-,-,360 B
Naive,DefaultJob,False,Default,Default,Default,Default,Default,Default,11111111,Empty,RyuJit,X64,8c5e7fda-e8bf-4a96-9a85-a6e23a8c635c,.NET Core 3.0,False,True,False,True,Default,Default,False,False,False,Default,Default,Default,Default,Default,Default,Default,1,Default,Default,Default,Default,Default,Default,Default,Default,16,Default,RandomOrder,5,0.75,677.3 ns,6.23 ns,5.83 ns,678.0 ns,1.00,0.00,0.0067,-,-,480 B
Helper,DefaultJob,False,Default,Default,Default,Default,Default,Default,11111111,Empty,RyuJit,X64,8c5e7fda-e8bf-4a96-9a85-a6e23a8c635c,.NET Core 3.0,False,True,False,True,Default,Default,False,False,False,Default,Default,Default,Default,Default,Default,Default,1,Default,Default,Default,Default,Default,Default,Default,Default,16,Default,RandomOrder,5,0.75,343.1 ns,0.88 ns,0.74 ns,342.9 ns,0.51,0.00,0.0052,-,-,360 B
Naive,DefaultJob,False,Default,Default,Default,Default,Default,Default,11111111,Empty,RyuJit,X64,8c5e7fda-e8bf-4a96-9a85-a6e23a8c635c,.NET Core 3.0,False,True,False,True,Default,Default,False,False,False,Default,Default,Default,Default,Default,Default,Default,1,Default,Default,Default,Default,Default,Default,Default,Default,16,Default,RandomOrder,5,1,639.1 ns,4.74 ns,4.21 ns,639.0 ns,1.00,0.00,0.0067,-,-,480 B
Helper,DefaultJob,False,Default,Default,Default,Default,Default,Default,11111111,Empty,RyuJit,X64,8c5e7fda-e8bf-4a96-9a85-a6e23a8c635c,.NET Core 3.0,False,True,False,True,Default,Default,False,False,False,Default,Default,Default,Default,Default,Default,Default,1,Default,Default,Default,Default,Default,Default,Default,Default,16,Default,RandomOrder,5,1,271.0 ns,0.79 ns,0.70 ns,271.2 ns,0.42,0.00,0.0038,-,-,272 B
Naive,DefaultJob,False,Default,Default,Default,Default,Default,Default,11111111,Empty,RyuJit,X64,8c5e7fda-e8bf-4a96-9a85-a6e23a8c635c,.NET Core 3.0,False,True,False,True,Default,Default,False,False,False,Default,Default,Default,Default,Default,Default,Default,1,Default,Default,Default,Default,Default,Default,Default,Default,16,Default,RandomOrder,10,0,"1,325.6 ns",25.19 ns,26.95 ns,"1,335.7 ns",1.00,0.00,0.0095,-,-,760 B
Helper,DefaultJob,False,Default,Default,Default,Default,Default,Default,11111111,Empty,RyuJit,X64,8c5e7fda-e8bf-4a96-9a85-a6e23a8c635c,.NET Core 3.0,False,True,False,True,Default,Default,False,False,False,Default,Default,Default,Default,Default,Default,Default,1,Default,Default,Default,Default,Default,Default,Default,Default,16,Default,RandomOrder,10,0,940.4 ns,14.08 ns,13.17 ns,931.2 ns,0.71,0.02,0.0086,-,-,576 B
Naive,DefaultJob,False,Default,Default,Default,Default,Default,Default,11111111,Empty,RyuJit,X64,8c5e7fda-e8bf-4a96-9a85-a6e23a8c635c,.NET Core 3.0,False,True,False,True,Default,Default,False,False,False,Default,Default,Default,Default,Default,Default,Default,1,Default,Default,Default,Default,Default,Default,Default,Default,16,Default,RandomOrder,10,0.25,"1,244.3 ns",21.46 ns,20.08 ns,"1,256.5 ns",1.00,0.00,0.0095,-,-,760 B
Helper,DefaultJob,False,Default,Default,Default,Default,Default,Default,11111111,Empty,RyuJit,X64,8c5e7fda-e8bf-4a96-9a85-a6e23a8c635c,.NET Core 3.0,False,True,False,True,Default,Default,False,False,False,Default,Default,Default,Default,Default,Default,Default,1,Default,Default,Default,Default,Default,Default,Default,Default,16,Default,RandomOrder,10,0.25,783.6 ns,15.36 ns,17.07 ns,779.0 ns,0.63,0.01,0.0086,-,-,576 B
Naive,DefaultJob,False,Default,Default,Default,Default,Default,Default,11111111,Empty,RyuJit,X64,8c5e7fda-e8bf-4a96-9a85-a6e23a8c635c,.NET Core 3.0,False,True,False,True,Default,Default,False,False,False,Default,Default,Default,Default,Default,Default,Default,1,Default,Default,Default,Default,Default,Default,Default,Default,16,Default,RandomOrder,10,0.5,"1,138.6 ns",3.39 ns,3.17 ns,"1,138.7 ns",1.00,0.00,0.0095,-,-,760 B
Helper,DefaultJob,False,Default,Default,Default,Default,Default,Default,11111111,Empty,RyuJit,X64,8c5e7fda-e8bf-4a96-9a85-a6e23a8c635c,.NET Core 3.0,False,True,False,True,Default,Default,False,False,False,Default,Default,Default,Default,Default,Default,Default,1,Default,Default,Default,Default,Default,Default,Default,Default,16,Default,RandomOrder,10,0.5,769.6 ns,12.51 ns,11.70 ns,773.3 ns,0.68,0.01,0.0086,-,-,576 B
Naive,DefaultJob,False,Default,Default,Default,Default,Default,Default,11111111,Empty,RyuJit,X64,8c5e7fda-e8bf-4a96-9a85-a6e23a8c635c,.NET Core 3.0,False,True,False,True,Default,Default,False,False,False,Default,Default,Default,Default,Default,Default,Default,1,Default,Default,Default,Default,Default,Default,Default,Default,16,Default,RandomOrder,10,0.75,"1,120.3 ns",8.85 ns,8.28 ns,"1,124.1 ns",1.00,0.00,0.0095,-,-,760 B
Helper,DefaultJob,False,Default,Default,Default,Default,Default,Default,11111111,Empty,RyuJit,X64,8c5e7fda-e8bf-4a96-9a85-a6e23a8c635c,.NET Core 3.0,False,True,False,True,Default,Default,False,False,False,Default,Default,Default,Default,Default,Default,Default,1,Default,Default,Default,Default,Default,Default,Default,Default,16,Default,RandomOrder,10,0.75,652.3 ns,10.67 ns,9.98 ns,655.8 ns,0.58,0.01,0.0086,-,-,576 B
Naive,DefaultJob,False,Default,Default,Default,Default,Default,Default,11111111,Empty,RyuJit,X64,8c5e7fda-e8bf-4a96-9a85-a6e23a8c635c,.NET Core 3.0,False,True,False,True,Default,Default,False,False,False,Default,Default,Default,Default,Default,Default,Default,1,Default,Default,Default,Default,Default,Default,Default,Default,16,Default,RandomOrder,10,1,"1,073.2 ns",9.62 ns,9.00 ns,"1,074.9 ns",1.00,0.00,0.0095,-,-,760 B
Helper,DefaultJob,False,Default,Default,Default,Default,Default,Default,11111111,Empty,RyuJit,X64,8c5e7fda-e8bf-4a96-9a85-a6e23a8c635c,.NET Core 3.0,False,True,False,True,Default,Default,False,False,False,Default,Default,Default,Default,Default,Default,Default,1,Default,Default,Default,Default,Default,Default,Default,Default,16,Default,RandomOrder,10,1,522.6 ns,4.74 ns,4.43 ns,523.8 ns,0.49,0.01,0.0057,-,-,424 B
Naive,DefaultJob,False,Default,Default,Default,Default,Default,Default,11111111,Empty,RyuJit,X64,8c5e7fda-e8bf-4a96-9a85-a6e23a8c635c,.NET Core 3.0,False,True,False,True,Default,Default,False,False,False,Default,Default,Default,Default,Default,Default,Default,1,Default,Default,Default,Default,Default,Default,Default,Default,16,Default,RandomOrder,50,0,"6,655.8 ns",118.39 ns,162.05 ns,"6,587.0 ns",1.00,0.00,0.0305,-,-,2344 B
Helper,DefaultJob,False,Default,Default,Default,Default,Default,Default,11111111,Empty,RyuJit,X64,8c5e7fda-e8bf-4a96-9a85-a6e23a8c635c,.NET Core 3.0,False,True,False,True,Default,Default,False,False,False,Default,Default,Default,Default,Default,Default,Default,1,Default,Default,Default,Default,Default,Default,Default,Default,16,Default,RandomOrder,50,0,"4,946.0 ns",97.30 ns,99.92 ns,"4,950.6 ns",0.74,0.03,0.0229,-,-,1776 B
Naive,DefaultJob,False,Default,Default,Default,Default,Default,Default,11111111,Empty,RyuJit,X64,8c5e7fda-e8bf-4a96-9a85-a6e23a8c635c,.NET Core 3.0,False,True,False,True,Default,Default,False,False,False,Default,Default,Default,Default,Default,Default,Default,1,Default,Default,Default,Default,Default,Default,Default,Default,16,Default,RandomOrder,50,0.25,"6,318.0 ns",19.62 ns,17.39 ns,"6,317.1 ns",1.00,0.00,0.0305,-,-,2344 B
Helper,DefaultJob,False,Default,Default,Default,Default,Default,Default,11111111,Empty,RyuJit,X64,8c5e7fda-e8bf-4a96-9a85-a6e23a8c635c,.NET Core 3.0,False,True,False,True,Default,Default,False,False,False,Default,Default,Default,Default,Default,Default,Default,1,Default,Default,Default,Default,Default,Default,Default,Default,16,Default,RandomOrder,50,0.25,"4,366.5 ns",84.37 ns,93.78 ns,"4,411.1 ns",0.69,0.02,0.0229,-,-,1776 B
Naive,DefaultJob,False,Default,Default,Default,Default,Default,Default,11111111,Empty,RyuJit,X64,8c5e7fda-e8bf-4a96-9a85-a6e23a8c635c,.NET Core 3.0,False,True,False,True,Default,Default,False,False,False,Default,Default,Default,Default,Default,Default,Default,1,Default,Default,Default,Default,Default,Default,Default,Default,16,Default,RandomOrder,50,0.5,"6,025.9 ns",27.29 ns,24.19 ns,"6,028.7 ns",1.00,0.00,0.0305,-,-,2344 B
Helper,DefaultJob,False,Default,Default,Default,Default,Default,Default,11111111,Empty,RyuJit,X64,8c5e7fda-e8bf-4a96-9a85-a6e23a8c635c,.NET Core 3.0,False,True,False,True,Default,Default,False,False,False,Default,Default,Default,Default,Default,Default,Default,1,Default,Default,Default,Default,Default,Default,Default,Default,16,Default,RandomOrder,50,0.5,"3,770.8 ns",75.11 ns,89.42 ns,"3,785.3 ns",0.62,0.01,0.0267,-,-,1776 B
Naive,DefaultJob,False,Default,Default,Default,Default,Default,Default,11111111,Empty,RyuJit,X64,8c5e7fda-e8bf-4a96-9a85-a6e23a8c635c,.NET Core 3.0,False,True,False,True,Default,Default,False,False,False,Default,Default,Default,Default,Default,Default,Default,1,Default,Default,Default,Default,Default,Default,Default,Default,16,Default,RandomOrder,50,0.75,"5,761.2 ns",19.07 ns,16.91 ns,"5,757.1 ns",1.00,0.00,0.0305,-,-,2344 B
Helper,DefaultJob,False,Default,Default,Default,Default,Default,Default,11111111,Empty,RyuJit,X64,8c5e7fda-e8bf-4a96-9a85-a6e23a8c635c,.NET Core 3.0,False,True,False,True,Default,Default,False,False,False,Default,Default,Default,Default,Default,Default,Default,1,Default,Default,Default,Default,Default,Default,Default,Default,16,Default,RandomOrder,50,0.75,"3,000.8 ns",57.46 ns,56.44 ns,"3,006.5 ns",0.52,0.01,0.0267,-,-,1776 B
Naive,DefaultJob,False,Default,Default,Default,Default,Default,Default,11111111,Empty,RyuJit,X64,8c5e7fda-e8bf-4a96-9a85-a6e23a8c635c,.NET Core 3.0,False,True,False,True,Default,Default,False,False,False,Default,Default,Default,Default,Default,Default,Default,1,Default,Default,Default,Default,Default,Default,Default,Default,16,Default,RandomOrder,50,1,"5,283.2 ns",12.37 ns,10.96 ns,"5,282.8 ns",1.00,0.00,0.0305,-,-,2344 B
Helper,DefaultJob,False,Default,Default,Default,Default,Default,Default,11111111,Empty,RyuJit,X64,8c5e7fda-e8bf-4a96-9a85-a6e23a8c635c,.NET Core 3.0,False,True,False,True,Default,Default,False,False,False,Default,Default,Default,Default,Default,Default,Default,1,Default,Default,Default,Default,Default,Default,Default,Default,16,Default,RandomOrder,50,1,"2,014.8 ns",33.86 ns,31.67 ns,"2,028.0 ns",0.38,0.01,0.0153,-,-,1240 B
