Method,Job,AnalyzeLaunchVariance,EvaluateOverhead,MaxAbsoluteError,MaxRelativeError,MinInvokeCount,MinIterationTime,OutlierMode,Affinity,EnvironmentVariables,Jit,Platform,PowerPlanMode,Runtime,AllowVeryLargeObjects,Concurrent,CpuGroups,Force,HeapAffinitizeMask,HeapCount,NoAffinitize,RetainVm,Server,Arguments,BuildConfiguration,Clock,EngineFactory,NuGetReferences,Toolchain,IsMutator,InvocationCount,IterationCount,IterationTime,LaunchCount,MaxIterationCount,MaxWarmupIterationCount,MinIterationCount,MinWarmupIterationCount,RunStrategy,UnrollFactor,WarmupCount,Type,RowSet,Mean [ns],Error [ns],StdDev [ns],Median [ns],Ratio,Gen 0,Gen 1,Gen 2,Allocated [B]
CsvHelper,DefaultJob,False,Default,Default,Default,Default,Default,Default,11111111,Empty,RyuJit,X64,8c5e7fda-e8bf-4a96-9a85-a6e23a8c635c,.NET Core 3.0,False,True,False,True,Default,Default,False,False,False,Default,Default,Default,Default,Default,Default,Default,1,Default,Default,Default,Default,Default,Default,Default,Default,16,Default,Cesil(...)wEnum [29],DeepRows,"20,031,520.596 ns","374,428.1007 ns","635,807.3314 ns","19,811,096.143 ns",1.00,156.2500,62.5000,31.2500,10276077 B
Cesil,DefaultJob,False,Default,Default,Default,Default,Default,Default,11111111,Empty,RyuJit,X64,8c5e7fda-e8bf-4a96-9a85-a6e23a8c635c,.NET Core 3.0,False,True,False,True,Default,Default,False,False,False,Default,Default,Default,Default,Default,Default,Default,1,Default,Default,Default,Default,Default,Default,Default,Default,16,Default,Cesil(...)wEnum [29],DeepRows,"7,380,666.417 ns","109,320.2118 ns","102,258.1940 ns","7,356,863.355 ns",0.36,39.0625,39.0625,39.0625,503456 B
CsvHelper,DefaultJob,False,Default,Default,Default,Default,Default,Default,11111111,Empty,RyuJit,X64,8c5e7fda-e8bf-4a96-9a85-a6e23a8c635c,.NET Core 3.0,False,True,False,True,Default,Default,False,False,False,Default,Default,Default,Default,Default,Default,Default,1,Default,Default,Default,Default,Default,Default,Default,Default,16,Default,Cesil(...)wEnum [29],ShallowRows,"581,417.421 ns","1,327.1019 ns","1,176.4412 ns","581,492.814 ns",1.00,-,-,-,36180 B
Cesil,DefaultJob,False,Default,Default,Default,Default,Default,Default,11111111,Empty,RyuJit,X64,8c5e7fda-e8bf-4a96-9a85-a6e23a8c635c,.NET Core 3.0,False,True,False,True,Default,Default,False,False,False,Default,Default,Default,Default,Default,Default,Default,1,Default,Default,Default,Default,Default,Default,Default,Default,16,Default,Cesil(...)wEnum [29],ShallowRows,"9,519.012 ns",68.9133 ns,57.5457 ns,"9,513.239 ns",0.02,0.0153,-,-,1544 B
CsvHelper,DefaultJob,False,Default,Default,Default,Default,Default,Default,11111111,Empty,RyuJit,X64,8c5e7fda-e8bf-4a96-9a85-a6e23a8c635c,.NET Core 3.0,False,True,False,True,Default,Default,False,False,False,Default,Default,Default,Default,Default,Default,Default,1,Default,Default,Default,Default,Default,Default,Default,Default,16,Default,Cesil(...)sEnum [34],DeepRows,"20,557,250.605 ns","158,145.9274 ns","140,192.2454 ns","20,581,934.411 ns",1.00,156.2500,62.5000,31.2500,10761534 B
Cesil,DefaultJob,False,Default,Default,Default,Default,Default,Default,11111111,Empty,RyuJit,X64,8c5e7fda-e8bf-4a96-9a85-a6e23a8c635c,.NET Core 3.0,False,True,False,True,Default,Default,False,False,False,Default,Default,Default,Default,Default,Default,Default,1,Default,Default,Default,Default,Default,Default,Default,Default,16,Default,Cesil(...)sEnum [34],DeepRows,"10,496,322.234 ns","67,724.5131 ns","60,036.0168 ns","10,509,764.700 ns",0.51,31.2500,31.2500,31.2500,1602760 B
CsvHelper,DefaultJob,False,Default,Default,Default,Default,Default,Default,11111111,Empty,RyuJit,X64,8c5e7fda-e8bf-4a96-9a85-a6e23a8c635c,.NET Core 3.0,False,True,False,True,Default,Default,False,False,False,Default,Default,Default,Default,Default,Default,Default,1,Default,Default,Default,Default,Default,Default,Default,Default,16,Default,Cesil(...)sEnum [34],ShallowRows,"589,037.873 ns","4,967.4572 ns","4,403.5214 ns","587,401.264 ns",1.00,-,-,-,36700 B
Cesil,DefaultJob,False,Default,Default,Default,Default,Default,Default,11111111,Empty,RyuJit,X64,8c5e7fda-e8bf-4a96-9a85-a6e23a8c635c,.NET Core 3.0,False,True,False,True,Default,Default,False,False,False,Default,Default,Default,Default,Default,Default,Default,1,Default,Default,Default,Default,Default,Default,Default,Default,16,Default,Cesil(...)sEnum [34],ShallowRows,"12,636.384 ns",24.6804 ns,19.2688 ns,"12,634.361 ns",0.02,0.0305,-,-,2864 B
CsvHelper,DefaultJob,False,Default,Default,Default,Default,Default,Default,11111111,Empty,RyuJit,X64,8c5e7fda-e8bf-4a96-9a85-a6e23a8c635c,.NET Core 3.0,False,True,False,True,Default,Default,False,False,False,Default,Default,Default,Default,Default,Default,Default,1,Default,Default,Default,Default,Default,Default,Default,Default,16,Default,System.Byte,DeepRows,"18,041,710.254 ns","302,355.2394 ns","282,823.2786 ns","18,089,126.401 ns",1.00,156.2500,62.5000,31.2500,9973095 B
Cesil,DefaultJob,False,Default,Default,Default,Default,Default,Default,11111111,Empty,RyuJit,X64,8c5e7fda-e8bf-4a96-9a85-a6e23a8c635c,.NET Core 3.0,False,True,False,True,Default,Default,False,False,False,Default,Default,Default,Default,Default,Default,Default,1,Default,Default,Default,Default,Default,Default,Default,Default,16,Default,System.Byte,DeepRows,"5,733,473.415 ns","77,043.2991 ns","64,334.6440 ns","5,728,303.134 ns",0.32,39.0625,39.0625,39.0625,503456 B
CsvHelper,DefaultJob,False,Default,Default,Default,Default,Default,Default,11111111,Empty,RyuJit,X64,8c5e7fda-e8bf-4a96-9a85-a6e23a8c635c,.NET Core 3.0,False,True,False,True,Default,Default,False,False,False,Default,Default,Default,Default,Default,Default,Default,1,Default,Default,Default,Default,Default,Default,Default,Default,16,Default,System.Byte,ShallowRows,"590,867.884 ns","7,076.6659 ns","6,619.5176 ns","592,589.783 ns",1.00,-,-,-,35842 B
Cesil,DefaultJob,False,Default,Default,Default,Default,Default,Default,11111111,Empty,RyuJit,X64,8c5e7fda-e8bf-4a96-9a85-a6e23a8c635c,.NET Core 3.0,False,True,False,True,Default,Default,False,False,False,Default,Default,Default,Default,Default,Default,Default,1,Default,Default,Default,Default,Default,Default,Default,Default,16,Default,System.Byte,ShallowRows,"7,585.883 ns",40.9599 ns,38.3139 ns,"7,568.190 ns",0.01,0.0229,-,-,1544 B
CsvHelper,DefaultJob,False,Default,Default,Default,Default,Default,Default,11111111,Empty,RyuJit,X64,8c5e7fda-e8bf-4a96-9a85-a6e23a8c635c,.NET Core 3.0,False,True,False,True,Default,Default,False,False,False,Default,Default,Default,Default,Default,Default,Default,1,Default,Default,Default,Default,Default,Default,Default,Default,16,Default,System.Char,DeepRows,"17,559,022.021 ns","339,422.1629 ns","317,495.7018 ns","17,627,827.452 ns",1.00,156.2500,62.5000,31.2500,9789439 B
Cesil,DefaultJob,False,Default,Default,Default,Default,Default,Default,11111111,Empty,RyuJit,X64,8c5e7fda-e8bf-4a96-9a85-a6e23a8c635c,.NET Core 3.0,False,True,False,True,Default,Default,False,False,False,Default,Default,Default,Default,Default,Default,Default,1,Default,Default,Default,Default,Default,Default,Default,Default,16,Default,System.Char,DeepRows,"5,567,981.580 ns","107,133.6143 ns","100,212.8493 ns","5,569,521.134 ns",0.32,39.0625,39.0625,39.0625,503456 B
CsvHelper,DefaultJob,False,Default,Default,Default,Default,Default,Default,11111111,Empty,RyuJit,X64,8c5e7fda-e8bf-4a96-9a85-a6e23a8c635c,.NET Core 3.0,False,True,False,True,Default,Default,False,False,False,Default,Default,Default,Default,Default,Default,Default,1,Default,Default,Default,Default,Default,Default,Default,Default,16,Default,System.Char,ShallowRows,"576,294.769 ns","1,042.5160 ns",924.1633 ns,"576,175.730 ns",1.00,-,-,-,35708 B
Cesil,DefaultJob,False,Default,Default,Default,Default,Default,Default,11111111,Empty,RyuJit,X64,8c5e7fda-e8bf-4a96-9a85-a6e23a8c635c,.NET Core 3.0,False,True,False,True,Default,Default,False,False,False,Default,Default,Default,Default,Default,Default,Default,1,Default,Default,Default,Default,Default,Default,Default,Default,16,Default,System.Char,ShallowRows,"7,625.712 ns",150.7267 ns,234.6634 ns,"7,649.058 ns",0.01,0.0229,-,-,1544 B
CsvHelper,DefaultJob,False,Default,Default,Default,Default,Default,Default,11111111,Empty,RyuJit,X64,8c5e7fda-e8bf-4a96-9a85-a6e23a8c635c,.NET Core 3.0,False,True,False,True,Default,Default,False,False,False,Default,Default,Default,Default,Default,Default,Default,1,Default,Default,Default,Default,Default,Default,Default,Default,16,Default,System.DateTime,DeepRows,"31,024,629.527 ns","264,711.7218 ns","234,660.0465 ns","30,970,357.404 ns",1.00,187.5000,62.5000,31.2500,12652474 B
Cesil,DefaultJob,False,Default,Default,Default,Default,Default,Default,11111111,Empty,RyuJit,X64,8c5e7fda-e8bf-4a96-9a85-a6e23a8c635c,.NET Core 3.0,False,True,False,True,Default,Default,False,False,False,Default,Default,Default,Default,Default,Default,Default,1,Default,Default,Default,Default,Default,Default,Default,Default,16,Default,System.DateTime,DeepRows,"15,340,196.256 ns","50,036.5610 ns","39,065.2556 ns","15,360,549.404 ns",0.49,31.2500,31.2500,31.2500,503539 B
CsvHelper,DefaultJob,False,Default,Default,Default,Default,Default,Default,11111111,Empty,RyuJit,X64,8c5e7fda-e8bf-4a96-9a85-a6e23a8c635c,.NET Core 3.0,False,True,False,True,Default,Default,False,False,False,Default,Default,Default,Default,Default,Default,Default,1,Default,Default,Default,Default,Default,Default,Default,Default,16,Default,System.DateTime,ShallowRows,"624,839.575 ns","9,149.5282 ns","8,110.8184 ns","627,637.243 ns",1.00,-,-,-,38556 B
Cesil,DefaultJob,False,Default,Default,Default,Default,Default,Default,11111111,Empty,RyuJit,X64,8c5e7fda-e8bf-4a96-9a85-a6e23a8c635c,.NET Core 3.0,False,True,False,True,Default,Default,False,False,False,Default,Default,Default,Default,Default,Default,Default,1,Default,Default,Default,Default,Default,Default,Default,Default,16,Default,System.DateTime,ShallowRows,"18,242.329 ns",193.0088 ns,180.5406 ns,"18,193.040 ns",0.03,-,-,-,1544 B
CsvHelper,DefaultJob,False,Default,Default,Default,Default,Default,Default,11111111,Empty,RyuJit,X64,8c5e7fda-e8bf-4a96-9a85-a6e23a8c635c,.NET Core 3.0,False,True,False,True,Default,Default,False,False,False,Default,Default,Default,Default,Default,Default,Default,1,Default,Default,Default,Default,Default,Default,Default,Default,16,Default,Syste(...)ffset [21],DeepRows,"27,760,254.399 ns","429,043.5438 ns","358,270.7905 ns","27,670,288.568 ns",1.00,218.7500,93.7500,31.2500,12972516 B
Cesil,DefaultJob,False,Default,Default,Default,Default,Default,Default,11111111,Empty,RyuJit,X64,8c5e7fda-e8bf-4a96-9a85-a6e23a8c635c,.NET Core 3.0,False,True,False,True,Default,Default,False,False,False,Default,Default,Default,Default,Default,Default,Default,1,Default,Default,Default,Default,Default,Default,Default,Default,16,Default,Syste(...)ffset [21],DeepRows,"12,923,958.228 ns","119,698.7607 ns","106,109.8335 ns","12,920,956.572 ns",0.47,31.2500,31.2500,31.2500,583558 B
CsvHelper,DefaultJob,False,Default,Default,Default,Default,Default,Default,11111111,Empty,RyuJit,X64,8c5e7fda-e8bf-4a96-9a85-a6e23a8c635c,.NET Core 3.0,False,True,False,True,Default,Default,False,False,False,Default,Default,Default,Default,Default,Default,Default,1,Default,Default,Default,Default,Default,Default,Default,Default,16,Default,Syste(...)ffset [21],ShallowRows,"608,586.333 ns","2,524.8475 ns","2,361.7439 ns","608,080.935 ns",1.00,-,-,-,38876 B
Cesil,DefaultJob,False,Default,Default,Default,Default,Default,Default,11111111,Empty,RyuJit,X64,8c5e7fda-e8bf-4a96-9a85-a6e23a8c635c,.NET Core 3.0,False,True,False,True,Default,Default,False,False,False,Default,Default,Default,Default,Default,Default,Default,1,Default,Default,Default,Default,Default,Default,Default,Default,16,Default,Syste(...)ffset [21],ShallowRows,"15,059.033 ns",131.3298 ns,122.8460 ns,"15,093.498 ns",0.02,0.0153,-,-,1632 B
CsvHelper,DefaultJob,False,Default,Default,Default,Default,Default,Default,11111111,Empty,RyuJit,X64,8c5e7fda-e8bf-4a96-9a85-a6e23a8c635c,.NET Core 3.0,False,True,False,True,Default,Default,False,False,False,Default,Default,Default,Default,Default,Default,Default,1,Default,Default,Default,Default,Default,Default,Default,Default,16,Default,System.Decimal,DeepRows,"23,285,088.313 ns","275,671.6884 ns","244,375.7714 ns","23,262,665.552 ns",1.00,156.2500,31.2500,-,12447762 B
Cesil,DefaultJob,False,Default,Default,Default,Default,Default,Default,11111111,Empty,RyuJit,X64,8c5e7fda-e8bf-4a96-9a85-a6e23a8c635c,.NET Core 3.0,False,True,False,True,Default,Default,False,False,False,Default,Default,Default,Default,Default,Default,Default,1,Default,Default,Default,Default,Default,Default,Default,Default,16,Default,System.Decimal,DeepRows,"11,232,952.228 ns","72,151.0521 ns","67,490.1389 ns","11,241,087.113 ns",0.48,15.6250,15.6250,15.6250,583499 B
CsvHelper,DefaultJob,False,Default,Default,Default,Default,Default,Default,11111111,Empty,RyuJit,X64,8c5e7fda-e8bf-4a96-9a85-a6e23a8c635c,.NET Core 3.0,False,True,False,True,Default,Default,False,False,False,Default,Default,Default,Default,Default,Default,Default,1,Default,Default,Default,Default,Default,Default,Default,Default,16,Default,System.Decimal,ShallowRows,"606,349.948 ns","11,608.1123 ns","11,920.6767 ns","600,703.902 ns",1.00,-,-,-,38402 B
Cesil,DefaultJob,False,Default,Default,Default,Default,Default,Default,11111111,Empty,RyuJit,X64,8c5e7fda-e8bf-4a96-9a85-a6e23a8c635c,.NET Core 3.0,False,True,False,True,Default,Default,False,False,False,Default,Default,Default,Default,Default,Default,Default,1,Default,Default,Default,Default,Default,Default,Default,Default,16,Default,System.Decimal,ShallowRows,"12,976.099 ns",149.5069 ns,124.8451 ns,"12,996.155 ns",0.02,0.0153,-,-,1632 B
CsvHelper,DefaultJob,False,Default,Default,Default,Default,Default,Default,11111111,Empty,RyuJit,X64,8c5e7fda-e8bf-4a96-9a85-a6e23a8c635c,.NET Core 3.0,False,True,False,True,Default,Default,False,False,False,Default,Default,Default,Default,Default,Default,Default,1,Default,Default,Default,Default,Default,Default,Default,Default,16,Default,System.Double,DeepRows,"31,098,969.025 ns","128,867.5283 ns","120,542.7659 ns","31,075,788.528 ns",1.00,187.5000,62.5000,31.2500,11683895 B
Cesil,DefaultJob,False,Default,Default,Default,Default,Default,Default,11111111,Empty,RyuJit,X64,8c5e7fda-e8bf-4a96-9a85-a6e23a8c635c,.NET Core 3.0,False,True,False,True,Default,Default,False,False,False,Default,Default,Default,Default,Default,Default,Default,1,Default,Default,Default,Default,Default,Default,Default,Default,16,Default,System.Double,DeepRows,"17,477,679.746 ns","266,331.8206 ns","249,126.9502 ns","17,440,305.246 ns",0.56,31.2500,31.2500,31.2500,503456 B
CsvHelper,DefaultJob,False,Default,Default,Default,Default,Default,Default,11111111,Empty,RyuJit,X64,8c5e7fda-e8bf-4a96-9a85-a6e23a8c635c,.NET Core 3.0,False,True,False,True,Default,Default,False,False,False,Default,Default,Default,Default,Default,Default,Default,1,Default,Default,Default,Default,Default,Default,Default,Default,16,Default,System.Double,ShallowRows,"600,841.887 ns","3,661.3565 ns","3,424.8352 ns","599,403.207 ns",1.00,-,-,-,37538 B
Cesil,DefaultJob,False,Default,Default,Default,Default,Default,Default,11111111,Empty,RyuJit,X64,8c5e7fda-e8bf-4a96-9a85-a6e23a8c635c,.NET Core 3.0,False,True,False,True,Default,Default,False,False,False,Default,Default,Default,Default,Default,Default,Default,1,Default,Default,Default,Default,Default,Default,Default,Default,16,Default,System.Double,ShallowRows,"18,264.963 ns",261.2573 ns,244.3802 ns,"18,210.990 ns",0.03,-,-,-,1544 B
CsvHelper,DefaultJob,False,Default,Default,Default,Default,Default,Default,11111111,Empty,RyuJit,X64,8c5e7fda-e8bf-4a96-9a85-a6e23a8c635c,.NET Core 3.0,False,True,False,True,Default,Default,False,False,False,Default,Default,Default,Default,Default,Default,Default,1,Default,Default,Default,Default,Default,Default,Default,Default,16,Default,System.Guid,DeepRows,"23,951,999.588 ns","235,463.9993 ns","208,732.7022 ns","23,975,209.222 ns",1.00,187.5000,31.2500,-,12818516 B
Cesil,DefaultJob,False,Default,Default,Default,Default,Default,Default,11111111,Empty,RyuJit,X64,8c5e7fda-e8bf-4a96-9a85-a6e23a8c635c,.NET Core 3.0,False,True,False,True,Default,Default,False,False,False,Default,Default,Default,Default,Default,Default,Default,1,Default,Default,Default,Default,Default,Default,Default,Default,16,Default,System.Guid,DeepRows,"10,169,369.523 ns","66,763.9813 ns","62,451.0695 ns","10,172,872.997 ns",0.42,15.6250,15.6250,15.6250,583586 B
CsvHelper,DefaultJob,False,Default,Default,Default,Default,Default,Default,11111111,Empty,RyuJit,X64,8c5e7fda-e8bf-4a96-9a85-a6e23a8c635c,.NET Core 3.0,False,True,False,True,Default,Default,False,False,False,Default,Default,Default,Default,Default,Default,Default,1,Default,Default,Default,Default,Default,Default,Default,Default,16,Default,System.Guid,ShallowRows,"601,994.215 ns","7,558.3468 ns","7,070.0823 ns","599,254.402 ns",1.00,-,-,-,38468 B
Cesil,DefaultJob,False,Default,Default,Default,Default,Default,Default,11111111,Empty,RyuJit,X64,8c5e7fda-e8bf-4a96-9a85-a6e23a8c635c,.NET Core 3.0,False,True,False,True,Default,Default,False,False,False,Default,Default,Default,Default,Default,Default,Default,1,Default,Default,Default,Default,Default,Default,Default,Default,16,Default,System.Guid,ShallowRows,"12,031.786 ns",38.7630 ns,32.3689 ns,"12,023.121 ns",0.02,0.0153,-,-,1632 B
CsvHelper,DefaultJob,False,Default,Default,Default,Default,Default,Default,11111111,Empty,RyuJit,X64,8c5e7fda-e8bf-4a96-9a85-a6e23a8c635c,.NET Core 3.0,False,True,False,True,Default,Default,False,False,False,Default,Default,Default,Default,Default,Default,Default,1,Default,Default,Default,Default,Default,Default,Default,Default,16,Default,System.Int16,DeepRows,"17,856,671.100 ns","133,442.8823 ns","111,430.8504 ns","17,859,759.889 ns",1.00,156.2500,62.5000,31.2500,10248551 B
Cesil,DefaultJob,False,Default,Default,Default,Default,Default,Default,11111111,Empty,RyuJit,X64,8c5e7fda-e8bf-4a96-9a85-a6e23a8c635c,.NET Core 3.0,False,True,False,True,Default,Default,False,False,False,Default,Default,Default,Default,Default,Default,Default,1,Default,Default,Default,Default,Default,Default,Default,Default,16,Default,System.Int16,DeepRows,"6,206,287.173 ns","101,508.7389 ns","94,951.3373 ns","6,234,481.091 ns",0.35,39.0625,39.0625,39.0625,503456 B
CsvHelper,DefaultJob,False,Default,Default,Default,Default,Default,Default,11111111,Empty,RyuJit,X64,8c5e7fda-e8bf-4a96-9a85-a6e23a8c635c,.NET Core 3.0,False,True,False,True,Default,Default,False,False,False,Default,Default,Default,Default,Default,Default,Default,1,Default,Default,Default,Default,Default,Default,Default,Default,16,Default,System.Int16,ShallowRows,"582,378.981 ns","2,920.5860 ns","2,589.0234 ns","583,017.874 ns",1.00,-,-,-,36052 B
Cesil,DefaultJob,False,Default,Default,Default,Default,Default,Default,11111111,Empty,RyuJit,X64,8c5e7fda-e8bf-4a96-9a85-a6e23a8c635c,.NET Core 3.0,False,True,False,True,Default,Default,False,False,False,Default,Default,Default,Default,Default,Default,Default,1,Default,Default,Default,Default,Default,Default,Default,Default,16,Default,System.Int16,ShallowRows,"8,082.577 ns",144.0461 ns,134.7408 ns,"8,089.297 ns",0.01,0.0153,-,-,1544 B
CsvHelper,DefaultJob,False,Default,Default,Default,Default,Default,Default,11111111,Empty,RyuJit,X64,8c5e7fda-e8bf-4a96-9a85-a6e23a8c635c,.NET Core 3.0,False,True,False,True,Default,Default,False,False,False,Default,Default,Default,Default,Default,Default,Default,1,Default,Default,Default,Default,Default,Default,Default,Default,16,Default,System.Int32,DeepRows,"18,390,945.741 ns","105,602.1939 ns","98,780.3577 ns","18,388,833.787 ns",1.00,156.2500,62.5000,31.2500,10648255 B
Cesil,DefaultJob,False,Default,Default,Default,Default,Default,Default,11111111,Empty,RyuJit,X64,8c5e7fda-e8bf-4a96-9a85-a6e23a8c635c,.NET Core 3.0,False,True,False,True,Default,Default,False,False,False,Default,Default,Default,Default,Default,Default,Default,1,Default,Default,Default,Default,Default,Default,Default,Default,16,Default,System.Int32,DeepRows,"6,845,539.604 ns","134,893.7335 ns","170,597.3816 ns","6,751,915.808 ns",0.37,39.0625,39.0625,39.0625,503456 B
CsvHelper,DefaultJob,False,Default,Default,Default,Default,Default,Default,11111111,Empty,RyuJit,X64,8c5e7fda-e8bf-4a96-9a85-a6e23a8c635c,.NET Core 3.0,False,True,False,True,Default,Default,False,False,False,Default,Default,Default,Default,Default,Default,Default,1,Default,Default,Default,Default,Default,Default,Default,Default,16,Default,System.Int32,ShallowRows,"579,384.210 ns","2,832.7485 ns","2,511.1578 ns","578,637.183 ns",1.00,-,-,-,36412 B
Cesil,DefaultJob,False,Default,Default,Default,Default,Default,Default,11111111,Empty,RyuJit,X64,8c5e7fda-e8bf-4a96-9a85-a6e23a8c635c,.NET Core 3.0,False,True,False,True,Default,Default,False,False,False,Default,Default,Default,Default,Default,Default,Default,1,Default,Default,Default,Default,Default,Default,Default,Default,16,Default,System.Int32,ShallowRows,"8,540.354 ns",25.1004 ns,20.9600 ns,"8,536.621 ns",0.01,0.0153,-,-,1544 B
CsvHelper,DefaultJob,False,Default,Default,Default,Default,Default,Default,11111111,Empty,RyuJit,X64,8c5e7fda-e8bf-4a96-9a85-a6e23a8c635c,.NET Core 3.0,False,True,False,True,Default,Default,False,False,False,Default,Default,Default,Default,Default,Default,Default,1,Default,Default,Default,Default,Default,Default,Default,Default,16,Default,System.Int64,DeepRows,"20,214,553.233 ns","228,117.8119 ns","213,381.5428 ns","20,243,368.072 ns",1.00,187.5000,93.7500,31.2500,11395444 B
Cesil,DefaultJob,False,Default,Default,Default,Default,Default,Default,11111111,Empty,RyuJit,X64,8c5e7fda-e8bf-4a96-9a85-a6e23a8c635c,.NET Core 3.0,False,True,False,True,Default,Default,False,False,False,Default,Default,Default,Default,Default,Default,Default,1,Default,Default,Default,Default,Default,Default,Default,Default,16,Default,System.Int64,DeepRows,"7,810,571.856 ns","141,825.1469 ns","132,663.3304 ns","7,859,112.240 ns",0.39,31.2500,31.2500,31.2500,503604 B
CsvHelper,DefaultJob,False,Default,Default,Default,Default,Default,Default,11111111,Empty,RyuJit,X64,8c5e7fda-e8bf-4a96-9a85-a6e23a8c635c,.NET Core 3.0,False,True,False,True,Default,Default,False,False,False,Default,Default,Default,Default,Default,Default,Default,1,Default,Default,Default,Default,Default,Default,Default,Default,16,Default,System.Int64,ShallowRows,"582,680.199 ns","1,696.7726 ns","1,504.1447 ns","582,114.635 ns",1.00,-,-,-,37299 B
Cesil,DefaultJob,False,Default,Default,Default,Default,Default,Default,11111111,Empty,RyuJit,X64,8c5e7fda-e8bf-4a96-9a85-a6e23a8c635c,.NET Core 3.0,False,True,False,True,Default,Default,False,False,False,Default,Default,Default,Default,Default,Default,Default,1,Default,Default,Default,Default,Default,Default,Default,Default,16,Default,System.Int64,ShallowRows,"9,443.868 ns",39.7042 ns,37.1393 ns,"9,426.778 ns",0.02,0.0153,-,-,1544 B
CsvHelper,DefaultJob,False,Default,Default,Default,Default,Default,Default,11111111,Empty,RyuJit,X64,8c5e7fda-e8bf-4a96-9a85-a6e23a8c635c,.NET Core 3.0,False,True,False,True,Default,Default,False,False,False,Default,Default,Default,Default,Default,Default,Default,1,Default,Default,Default,Default,Default,Default,Default,Default,16,Default,Syste(...)Enum] [48],DeepRows,"19,885,819.002 ns","165,968.1913 ns","147,126.4786 ns","19,847,179.457 ns",1.00,187.5000,62.5000,31.2500,11843906 B
Cesil,DefaultJob,False,Default,Default,Default,Default,Default,Default,11111111,Empty,RyuJit,X64,8c5e7fda-e8bf-4a96-9a85-a6e23a8c635c,.NET Core 3.0,False,True,False,True,Default,Default,False,False,False,Default,Default,Default,Default,Default,Default,Default,1,Default,Default,Default,Default,Default,Default,Default,Default,16,Default,Syste(...)Enum] [48],DeepRows,"5,834,500.203 ns","94,862.3254 ns","84,092.9806 ns","5,804,455.888 ns",0.29,39.0625,39.0625,39.0625,503456 B
CsvHelper,DefaultJob,False,Default,Default,Default,Default,Default,Default,11111111,Empty,RyuJit,X64,8c5e7fda-e8bf-4a96-9a85-a6e23a8c635c,.NET Core 3.0,False,True,False,True,Default,Default,False,False,False,Default,Default,Default,Default,Default,Default,Default,1,Default,Default,Default,Default,Default,Default,Default,Default,16,Default,Syste(...)Enum] [48],ShallowRows,"604,165.998 ns","4,824.9025 ns","4,513.2167 ns","602,222.023 ns",1.00,-,-,-,38108 B
Cesil,DefaultJob,False,Default,Default,Default,Default,Default,Default,11111111,Empty,RyuJit,X64,8c5e7fda-e8bf-4a96-9a85-a6e23a8c635c,.NET Core 3.0,False,True,False,True,Default,Default,False,False,False,Default,Default,Default,Default,Default,Default,Default,1,Default,Default,Default,Default,Default,Default,Default,Default,16,Default,Syste(...)Enum] [48],ShallowRows,"7,287.602 ns",21.1396 ns,16.5044 ns,"7,290.272 ns",0.01,0.0229,-,-,1544 B
CsvHelper,DefaultJob,False,Default,Default,Default,Default,Default,Default,11111111,Empty,RyuJit,X64,8c5e7fda-e8bf-4a96-9a85-a6e23a8c635c,.NET Core 3.0,False,True,False,True,Default,Default,False,False,False,Default,Default,Default,Default,Default,Default,Default,1,Default,Default,Default,Default,Default,Default,Default,Default,16,Default,Syste(...)Enum] [53],DeepRows,"21,030,424.299 ns","115,886.2715 ns","108,400.0902 ns","21,058,036.772 ns",1.00,187.5000,62.5000,31.2500,12543190 B
Cesil,DefaultJob,False,Default,Default,Default,Default,Default,Default,11111111,Empty,RyuJit,X64,8c5e7fda-e8bf-4a96-9a85-a6e23a8c635c,.NET Core 3.0,False,True,False,True,Default,Default,False,False,False,Default,Default,Default,Default,Default,Default,Default,1,Default,Default,Default,Default,Default,Default,Default,Default,16,Default,Syste(...)Enum] [53],DeepRows,"8,713,992.880 ns","169,700.5922 ns","174,270.0140 ns","8,654,986.776 ns",0.41,31.2500,31.2500,31.2500,1319152 B
CsvHelper,DefaultJob,False,Default,Default,Default,Default,Default,Default,11111111,Empty,RyuJit,X64,8c5e7fda-e8bf-4a96-9a85-a6e23a8c635c,.NET Core 3.0,False,True,False,True,Default,Default,False,False,False,Default,Default,Default,Default,Default,Default,Default,1,Default,Default,Default,Default,Default,Default,Default,Default,16,Default,Syste(...)Enum] [53],ShallowRows,"606,433.876 ns","3,163.2980 ns","2,958.9509 ns","605,338.449 ns",1.00,-,-,-,38563 B
Cesil,DefaultJob,False,Default,Default,Default,Default,Default,Default,11111111,Empty,RyuJit,X64,8c5e7fda-e8bf-4a96-9a85-a6e23a8c635c,.NET Core 3.0,False,True,False,True,Default,Default,False,False,False,Default,Default,Default,Default,Default,Default,Default,1,Default,Default,Default,Default,Default,Default,Default,Default,16,Default,Syste(...)Enum] [53],ShallowRows,"9,514.896 ns",184.6227 ns,181.3242 ns,"9,561.816 ns",0.02,0.0305,-,-,2064 B
CsvHelper,DefaultJob,False,Default,Default,Default,Default,Default,Default,11111111,Empty,RyuJit,X64,8c5e7fda-e8bf-4a96-9a85-a6e23a8c635c,.NET Core 3.0,False,True,False,True,Default,Default,False,False,False,Default,Default,Default,Default,Default,Default,Default,1,Default,Default,Default,Default,Default,Default,Default,Default,16,Default,Syste(...)Byte] [30],DeepRows,"18,502,796.200 ns","156,760.2634 ns","146,633.6476 ns","18,441,854.670 ns",1.00,187.5000,62.5000,31.2500,11580692 B
Cesil,DefaultJob,False,Default,Default,Default,Default,Default,Default,11111111,Empty,RyuJit,X64,8c5e7fda-e8bf-4a96-9a85-a6e23a8c635c,.NET Core 3.0,False,True,False,True,Default,Default,False,False,False,Default,Default,Default,Default,Default,Default,Default,1,Default,Default,Default,Default,Default,Default,Default,Default,16,Default,Syste(...)Byte] [30],DeepRows,"5,153,596.536 ns","65,506.7333 ns","54,701.0891 ns","5,154,575.364 ns",0.28,39.0625,39.0625,39.0625,503456 B
CsvHelper,DefaultJob,False,Default,Default,Default,Default,Default,Default,11111111,Empty,RyuJit,X64,8c5e7fda-e8bf-4a96-9a85-a6e23a8c635c,.NET Core 3.0,False,True,False,True,Default,Default,False,False,False,Default,Default,Default,Default,Default,Default,Default,1,Default,Default,Default,Default,Default,Default,Default,Default,16,Default,Syste(...)Byte] [30],ShallowRows,"620,889.539 ns","11,969.6512 ns","14,249.0183 ns","617,440.623 ns",1.00,-,-,-,38106 B
Cesil,DefaultJob,False,Default,Default,Default,Default,Default,Default,11111111,Empty,RyuJit,X64,8c5e7fda-e8bf-4a96-9a85-a6e23a8c635c,.NET Core 3.0,False,True,False,True,Default,Default,False,False,False,Default,Default,Default,Default,Default,Default,Default,1,Default,Default,Default,Default,Default,Default,Default,Default,16,Default,Syste(...)Byte] [30],ShallowRows,"7,323.056 ns",144.1452 ns,154.2338 ns,"7,313.583 ns",0.01,0.0229,-,-,1544 B
CsvHelper,DefaultJob,False,Default,Default,Default,Default,Default,Default,11111111,Empty,RyuJit,X64,8c5e7fda-e8bf-4a96-9a85-a6e23a8c635c,.NET Core 3.0,False,True,False,True,Default,Default,False,False,False,Default,Default,Default,Default,Default,Default,Default,1,Default,Default,Default,Default,Default,Default,Default,Default,16,Default,Syste(...)Char] [30],DeepRows,"18,097,925.619 ns","87,737.5061 ns","77,777.0138 ns","18,106,323.030 ns",1.00,187.5000,62.5000,31.2500,11473220 B
Cesil,DefaultJob,False,Default,Default,Default,Default,Default,Default,11111111,Empty,RyuJit,X64,8c5e7fda-e8bf-4a96-9a85-a6e23a8c635c,.NET Core 3.0,False,True,False,True,Default,Default,False,False,False,Default,Default,Default,Default,Default,Default,Default,1,Default,Default,Default,Default,Default,Default,Default,Default,16,Default,Syste(...)Char] [30],DeepRows,"5,093,714.636 ns","101,477.6179 ns","94,922.2267 ns","5,109,970.837 ns",0.28,39.0625,39.0625,39.0625,503456 B
CsvHelper,DefaultJob,False,Default,Default,Default,Default,Default,Default,11111111,Empty,RyuJit,X64,8c5e7fda-e8bf-4a96-9a85-a6e23a8c635c,.NET Core 3.0,False,True,False,True,Default,Default,False,False,False,Default,Default,Default,Default,Default,Default,Default,1,Default,Default,Default,Default,Default,Default,Default,Default,16,Default,Syste(...)Char] [30],ShallowRows,"601,059.852 ns","2,989.4049 ns","2,796.2912 ns","600,798.737 ns",1.00,-,-,-,37876 B
Cesil,DefaultJob,False,Default,Default,Default,Default,Default,Default,11111111,Empty,RyuJit,X64,8c5e7fda-e8bf-4a96-9a85-a6e23a8c635c,.NET Core 3.0,False,True,False,True,Default,Default,False,False,False,Default,Default,Default,Default,Default,Default,Default,1,Default,Default,Default,Default,Default,Default,Default,Default,16,Default,Syste(...)Char] [30],ShallowRows,"6,932.351 ns",52.0996 ns,43.5055 ns,"6,912.092 ns",0.01,0.0229,-,-,1544 B
CsvHelper,DefaultJob,False,Default,Default,Default,Default,Default,Default,11111111,Empty,RyuJit,X64,8c5e7fda-e8bf-4a96-9a85-a6e23a8c635c,.NET Core 3.0,False,True,False,True,Default,Default,False,False,False,Default,Default,Default,Default,Default,Default,Default,1,Default,Default,Default,Default,Default,Default,Default,Default,16,Default,Syste(...)fset] [40],DeepRows,"24,139,188.717 ns","177,817.8000 ns","157,630.8481 ns","24,135,147.738 ns",1.00,187.5000,62.5000,31.2500,13308274 B
Cesil,DefaultJob,False,Default,Default,Default,Default,Default,Default,11111111,Empty,RyuJit,X64,8c5e7fda-e8bf-4a96-9a85-a6e23a8c635c,.NET Core 3.0,False,True,False,True,Default,Default,False,False,False,Default,Default,Default,Default,Default,Default,Default,1,Default,Default,Default,Default,Default,Default,Default,Default,16,Default,Syste(...)fset] [40],DeepRows,"8,761,378.477 ns","77,394.9676 ns","72,395.3007 ns","8,776,880.527 ns",0.36,31.2500,31.2500,31.2500,663600 B
CsvHelper,DefaultJob,False,Default,Default,Default,Default,Default,Default,11111111,Empty,RyuJit,X64,8c5e7fda-e8bf-4a96-9a85-a6e23a8c635c,.NET Core 3.0,False,True,False,True,Default,Default,False,False,False,Default,Default,Default,Default,Default,Default,Default,1,Default,Default,Default,Default,Default,Default,Default,Default,16,Default,Syste(...)fset] [40],ShallowRows,"599,837.414 ns","2,458.6819 ns","2,299.8525 ns","599,394.726 ns",1.00,-,-,-,39883 B
Cesil,DefaultJob,False,Default,Default,Default,Default,Default,Default,11111111,Empty,RyuJit,X64,8c5e7fda-e8bf-4a96-9a85-a6e23a8c635c,.NET Core 3.0,False,True,False,True,Default,Default,False,False,False,Default,Default,Default,Default,Default,Default,Default,1,Default,Default,Default,Default,Default,Default,Default,Default,16,Default,Syste(...)fset] [40],ShallowRows,"10,840.086 ns",109.8240 ns,102.7294 ns,"10,842.601 ns",0.02,0.0153,-,-,1720 B
CsvHelper,DefaultJob,False,Default,Default,Default,Default,Default,Default,11111111,Empty,RyuJit,X64,8c5e7fda-e8bf-4a96-9a85-a6e23a8c635c,.NET Core 3.0,False,True,False,True,Default,Default,False,False,False,Default,Default,Default,Default,Default,Default,Default,1,Default,Default,Default,Default,Default,Default,Default,Default,16,Default,Syste(...)Time] [34],DeepRows,"25,820,394.447 ns","158,720.1303 ns","140,701.2613 ns","25,799,803.608 ns",1.00,187.5000,62.5000,31.2500,13028180 B
Cesil,DefaultJob,False,Default,Default,Default,Default,Default,Default,11111111,Empty,RyuJit,X64,8c5e7fda-e8bf-4a96-9a85-a6e23a8c635c,.NET Core 3.0,False,True,False,True,Default,Default,False,False,False,Default,Default,Default,Default,Default,Default,Default,1,Default,Default,Default,Default,Default,Default,Default,Default,16,Default,Syste(...)Time] [34],DeepRows,"10,444,916.034 ns","139,949.5484 ns","116,864.2113 ns","10,412,786.939 ns",0.40,31.2500,31.2500,31.2500,583488 B
CsvHelper,DefaultJob,False,Default,Default,Default,Default,Default,Default,11111111,Empty,RyuJit,X64,8c5e7fda-e8bf-4a96-9a85-a6e23a8c635c,.NET Core 3.0,False,True,False,True,Default,Default,False,False,False,Default,Default,Default,Default,Default,Default,Default,1,Default,Default,Default,Default,Default,Default,Default,Default,16,Default,Syste(...)Time] [34],ShallowRows,"594,964.753 ns","3,089.5833 ns","2,889.9982 ns","594,745.915 ns",1.00,-,-,-,39604 B
Cesil,DefaultJob,False,Default,Default,Default,Default,Default,Default,11111111,Empty,RyuJit,X64,8c5e7fda-e8bf-4a96-9a85-a6e23a8c635c,.NET Core 3.0,False,True,False,True,Default,Default,False,False,False,Default,Default,Default,Default,Default,Default,Default,1,Default,Default,Default,Default,Default,Default,Default,Default,16,Default,Syste(...)Time] [34],ShallowRows,"12,200.109 ns",178.4530 ns,166.9251 ns,"12,175.275 ns",0.02,0.0153,-,-,1632 B
CsvHelper,DefaultJob,False,Default,Default,Default,Default,Default,Default,11111111,Empty,RyuJit,X64,8c5e7fda-e8bf-4a96-9a85-a6e23a8c635c,.NET Core 3.0,False,True,False,True,Default,Default,False,False,False,Default,Default,Default,Default,Default,Default,Default,1,Default,Default,Default,Default,Default,Default,Default,Default,16,Default,Syste(...)imal] [33],DeepRows,"21,569,926.378 ns","110,541.2922 ns","103,400.3933 ns","21,569,457.603 ns",1.00,187.5000,62.5000,31.2500,12988964 B
Cesil,DefaultJob,False,Default,Default,Default,Default,Default,Default,11111111,Empty,RyuJit,X64,8c5e7fda-e8bf-4a96-9a85-a6e23a8c635c,.NET Core 3.0,False,True,False,True,Default,Default,False,False,False,Default,Default,Default,Default,Default,Default,Default,1,Default,Default,Default,Default,Default,Default,Default,Default,16,Default,Syste(...)imal] [33],DeepRows,"7,806,865.246 ns","81,419.2133 ns","76,159.5826 ns","7,781,456.014 ns",0.36,31.2500,31.2500,31.2500,663472 B
CsvHelper,DefaultJob,False,Default,Default,Default,Default,Default,Default,11111111,Empty,RyuJit,X64,8c5e7fda-e8bf-4a96-9a85-a6e23a8c635c,.NET Core 3.0,False,True,False,True,Default,Default,False,False,False,Default,Default,Default,Default,Default,Default,Default,1,Default,Default,Default,Default,Default,Default,Default,Default,16,Default,Syste(...)imal] [33],ShallowRows,"595,688.283 ns",888.7941 ns,787.8928 ns,"595,743.603 ns",1.00,-,-,-,40364 B
Cesil,DefaultJob,False,Default,Default,Default,Default,Default,Default,11111111,Empty,RyuJit,X64,8c5e7fda-e8bf-4a96-9a85-a6e23a8c635c,.NET Core 3.0,False,True,False,True,Default,Default,False,False,False,Default,Default,Default,Default,Default,Default,Default,1,Default,Default,Default,Default,Default,Default,Default,Default,16,Default,Syste(...)imal] [33],ShallowRows,"11,548.583 ns",120.9649 ns,113.1506 ns,"11,559.135 ns",0.02,0.0153,-,-,1720 B
CsvHelper,DefaultJob,False,Default,Default,Default,Default,Default,Default,11111111,Empty,RyuJit,X64,8c5e7fda-e8bf-4a96-9a85-a6e23a8c635c,.NET Core 3.0,False,True,False,True,Default,Default,False,False,False,Default,Default,Default,Default,Default,Default,Default,1,Default,Default,Default,Default,Default,Default,Default,Default,16,Default,Syste(...)uble] [32],DeepRows,"25,918,109.430 ns","136,731.9734 ns","114,177.3904 ns","25,964,368.190 ns",1.00,187.5000,62.5000,31.2500,12567580 B
Cesil,DefaultJob,False,Default,Default,Default,Default,Default,Default,11111111,Empty,RyuJit,X64,8c5e7fda-e8bf-4a96-9a85-a6e23a8c635c,.NET Core 3.0,False,True,False,True,Default,Default,False,False,False,Default,Default,Default,Default,Default,Default,Default,1,Default,Default,Default,Default,Default,Default,Default,Default,16,Default,Syste(...)uble] [32],DeepRows,"11,168,007.609 ns","80,931.1520 ns","71,743.3582 ns","11,159,841.061 ns",0.43,31.2500,31.2500,31.2500,583464 B
CsvHelper,DefaultJob,False,Default,Default,Default,Default,Default,Default,11111111,Empty,RyuJit,X64,8c5e7fda-e8bf-4a96-9a85-a6e23a8c635c,.NET Core 3.0,False,True,False,True,Default,Default,False,False,False,Default,Default,Default,Default,Default,Default,Default,1,Default,Default,Default,Default,Default,Default,Default,Default,16,Default,Syste(...)uble] [32],ShallowRows,"615,430.777 ns","3,182.7946 ns","2,977.1881 ns","613,962.978 ns",1.00,-,-,-,39500 B
Cesil,DefaultJob,False,Default,Default,Default,Default,Default,Default,11111111,Empty,RyuJit,X64,8c5e7fda-e8bf-4a96-9a85-a6e23a8c635c,.NET Core 3.0,False,True,False,True,Default,Default,False,False,False,Default,Default,Default,Default,Default,Default,Default,1,Default,Default,Default,Default,Default,Default,Default,Default,16,Default,Syste(...)uble] [32],ShallowRows,"14,582.143 ns",117.2087 ns,109.6371 ns,"14,573.077 ns",0.02,0.0153,-,-,1632 B
CsvHelper,DefaultJob,False,Default,Default,Default,Default,Default,Default,11111111,Empty,RyuJit,X64,8c5e7fda-e8bf-4a96-9a85-a6e23a8c635c,.NET Core 3.0,False,True,False,True,Default,Default,False,False,False,Default,Default,Default,Default,Default,Default,Default,1,Default,Default,Default,Default,Default,Default,Default,Default,16,Default,Syste(...)Guid] [30],DeepRows,"21,758,250.434 ns","104,591.8997 ns","97,835.3279 ns","21,795,197.280 ns",1.00,187.5000,62.5000,31.2500,13100851 B
Cesil,DefaultJob,False,Default,Default,Default,Default,Default,Default,11111111,Empty,RyuJit,X64,8c5e7fda-e8bf-4a96-9a85-a6e23a8c635c,.NET Core 3.0,False,True,False,True,Default,Default,False,False,False,Default,Default,Default,Default,Default,Default,Default,1,Default,Default,Default,Default,Default,Default,Default,Default,16,Default,Syste(...)Guid] [30],DeepRows,"7,395,796.119 ns","28,268.7424 ns","26,442.5992 ns","7,392,921.996 ns",0.34,46.8750,39.0625,39.0625,663567 B
CsvHelper,DefaultJob,False,Default,Default,Default,Default,Default,Default,11111111,Empty,RyuJit,X64,8c5e7fda-e8bf-4a96-9a85-a6e23a8c635c,.NET Core 3.0,False,True,False,True,Default,Default,False,False,False,Default,Default,Default,Default,Default,Default,Default,1,Default,Default,Default,Default,Default,Default,Default,Default,16,Default,Syste(...)Guid] [30],ShallowRows,"592,980.548 ns","2,212.4740 ns","1,961.3006 ns","592,571.857 ns",1.00,-,-,-,39276 B
Cesil,DefaultJob,False,Default,Default,Default,Default,Default,Default,11111111,Empty,RyuJit,X64,8c5e7fda-e8bf-4a96-9a85-a6e23a8c635c,.NET Core 3.0,False,True,False,True,Default,Default,False,False,False,Default,Default,Default,Default,Default,Default,Default,1,Default,Default,Default,Default,Default,Default,Default,Default,16,Default,Syste(...)Guid] [30],ShallowRows,"8,488.914 ns",42.4936 ns,39.7485 ns,"8,477.910 ns",0.01,0.0153,-,-,1720 B
CsvHelper,DefaultJob,False,Default,Default,Default,Default,Default,Default,11111111,Empty,RyuJit,X64,8c5e7fda-e8bf-4a96-9a85-a6e23a8c635c,.NET Core 3.0,False,True,False,True,Default,Default,False,False,False,Default,Default,Default,Default,Default,Default,Default,1,Default,Default,Default,Default,Default,Default,Default,Default,16,Default,Syste(...)nt16] [31],DeepRows,"18,600,112.823 ns","140,482.8681 ns","124,534.4034 ns","18,597,345.995 ns",1.00,187.5000,62.5000,31.2500,11747020 B
Cesil,DefaultJob,False,Default,Default,Default,Default,Default,Default,11111111,Empty,RyuJit,X64,8c5e7fda-e8bf-4a96-9a85-a6e23a8c635c,.NET Core 3.0,False,True,False,True,Default,Default,False,False,False,Default,Default,Default,Default,Default,Default,Default,1,Default,Default,Default,Default,Default,Default,Default,Default,16,Default,Syste(...)nt16] [31],DeepRows,"5,198,574.802 ns","62,729.0552 ns","58,676.7971 ns","5,176,731.136 ns",0.28,39.0625,39.0625,39.0625,503456 B
CsvHelper,DefaultJob,False,Default,Default,Default,Default,Default,Default,11111111,Empty,RyuJit,X64,8c5e7fda-e8bf-4a96-9a85-a6e23a8c635c,.NET Core 3.0,False,True,False,True,Default,Default,False,False,False,Default,Default,Default,Default,Default,Default,Default,1,Default,Default,Default,Default,Default,Default,Default,Default,16,Default,Syste(...)nt16] [31],ShallowRows,"604,688.101 ns","4,694.1540 ns","4,390.9146 ns","604,775.226 ns",1.00,-,-,-,38164 B
Cesil,DefaultJob,False,Default,Default,Default,Default,Default,Default,11111111,Empty,RyuJit,X64,8c5e7fda-e8bf-4a96-9a85-a6e23a8c635c,.NET Core 3.0,False,True,False,True,Default,Default,False,False,False,Default,Default,Default,Default,Default,Default,Default,1,Default,Default,Default,Default,Default,Default,Default,Default,16,Default,Syste(...)nt16] [31],ShallowRows,"7,141.805 ns",41.6944 ns,34.8167 ns,"7,142.320 ns",0.01,0.0229,-,-,1544 B
CsvHelper,DefaultJob,False,Default,Default,Default,Default,Default,Default,11111111,Empty,RyuJit,X64,8c5e7fda-e8bf-4a96-9a85-a6e23a8c635c,.NET Core 3.0,False,True,False,True,Default,Default,False,False,False,Default,Default,Default,Default,Default,Default,Default,1,Default,Default,Default,Default,Default,Default,Default,Default,16,Default,Syste(...)nt32] [31],DeepRows,"19,314,670.344 ns","226,027.9557 ns","211,426.6900 ns","19,390,025.462 ns",1.00,187.5000,62.5000,31.2500,11959035 B
Cesil,DefaultJob,False,Default,Default,Default,Default,Default,Default,11111111,Empty,RyuJit,X64,8c5e7fda-e8bf-4a96-9a85-a6e23a8c635c,.NET Core 3.0,False,True,False,True,Default,Default,False,False,False,Default,Default,Default,Default,Default,Default,Default,1,Default,Default,Default,Default,Default,Default,Default,Default,16,Default,Syste(...)nt32] [31],DeepRows,"5,544,287.487 ns","61,992.0652 ns","57,987.4162 ns","5,572,216.589 ns",0.29,39.0625,39.0625,39.0625,503456 B
CsvHelper,DefaultJob,False,Default,Default,Default,Default,Default,Default,11111111,Empty,RyuJit,X64,8c5e7fda-e8bf-4a96-9a85-a6e23a8c635c,.NET Core 3.0,False,True,False,True,Default,Default,False,False,False,Default,Default,Default,Default,Default,Default,Default,1,Default,Default,Default,Default,Default,Default,Default,Default,16,Default,Syste(...)nt32] [31],ShallowRows,"602,769.991 ns","3,195.0187 ns","2,832.3009 ns","601,836.517 ns",1.00,-,-,-,38332 B
Cesil,DefaultJob,False,Default,Default,Default,Default,Default,Default,11111111,Empty,RyuJit,X64,8c5e7fda-e8bf-4a96-9a85-a6e23a8c635c,.NET Core 3.0,False,True,False,True,Default,Default,False,False,False,Default,Default,Default,Default,Default,Default,Default,1,Default,Default,Default,Default,Default,Default,Default,Default,16,Default,Syste(...)nt32] [31],ShallowRows,"7,512.767 ns",105.3383 ns,87.9622 ns,"7,470.518 ns",0.01,0.0229,-,-,1544 B
CsvHelper,DefaultJob,False,Default,Default,Default,Default,Default,Default,11111111,Empty,RyuJit,X64,8c5e7fda-e8bf-4a96-9a85-a6e23a8c635c,.NET Core 3.0,False,True,False,True,Default,Default,False,False,False,Default,Default,Default,Default,Default,Default,Default,1,Default,Default,Default,Default,Default,Default,Default,Default,16,Default,Syste(...)nt64] [31],DeepRows,"20,241,893.018 ns","107,887.6587 ns","95,639.5993 ns","20,239,068.915 ns",1.00,187.5000,62.5000,31.2500,12417604 B
Cesil,DefaultJob,False,Default,Default,Default,Default,Default,Default,11111111,Empty,RyuJit,X64,8c5e7fda-e8bf-4a96-9a85-a6e23a8c635c,.NET Core 3.0,False,True,False,True,Default,Default,False,False,False,Default,Default,Default,Default,Default,Default,Default,1,Default,Default,Default,Default,Default,Default,Default,Default,16,Default,Syste(...)nt64] [31],DeepRows,"6,019,782.497 ns","57,480.2825 ns","53,767.0920 ns","6,015,094.544 ns",0.30,39.0625,39.0625,39.0625,583464 B
CsvHelper,DefaultJob,False,Default,Default,Default,Default,Default,Default,11111111,Empty,RyuJit,X64,8c5e7fda-e8bf-4a96-9a85-a6e23a8c635c,.NET Core 3.0,False,True,False,True,Default,Default,False,False,False,Default,Default,Default,Default,Default,Default,Default,1,Default,Default,Default,Default,Default,Default,Default,Default,16,Default,Syste(...)nt64] [31],ShallowRows,"618,107.933 ns","9,367.6204 ns","8,762.4779 ns","619,659.592 ns",1.00,-,-,-,39316 B
Cesil,DefaultJob,False,Default,Default,Default,Default,Default,Default,11111111,Empty,RyuJit,X64,8c5e7fda-e8bf-4a96-9a85-a6e23a8c635c,.NET Core 3.0,False,True,False,True,Default,Default,False,False,False,Default,Default,Default,Default,Default,Default,Default,1,Default,Default,Default,Default,Default,Default,Default,Default,16,Default,Syste(...)nt64] [31],ShallowRows,"8,874.610 ns",133.3615 ns,118.2215 ns,"8,914.438 ns",0.01,0.0153,-,-,1632 B
CsvHelper,DefaultJob,False,Default,Default,Default,Default,Default,Default,11111111,Empty,RyuJit,X64,8c5e7fda-e8bf-4a96-9a85-a6e23a8c635c,.NET Core 3.0,False,True,False,True,Default,Default,False,False,False,Default,Default,Default,Default,Default,Default,Default,1,Default,Default,Default,Default,Default,Default,Default,Default,16,Default,Syste(...)Byte] [31],DeepRows,"19,017,691.486 ns","123,540.9289 ns","109,515.8156 ns","19,035,853.861 ns",1.00,187.5000,62.5000,31.2500,11663828 B
Cesil,DefaultJob,False,Default,Default,Default,Default,Default,Default,11111111,Empty,RyuJit,X64,8c5e7fda-e8bf-4a96-9a85-a6e23a8c635c,.NET Core 3.0,False,True,False,True,Default,Default,False,False,False,Default,Default,Default,Default,Default,Default,Default,1,Default,Default,Default,Default,Default,Default,Default,Default,16,Default,Syste(...)Byte] [31],DeepRows,"5,098,134.938 ns","39,013.3374 ns","34,584.3074 ns","5,095,050.233 ns",0.27,39.0625,39.0625,39.0625,503456 B
CsvHelper,DefaultJob,False,Default,Default,Default,Default,Default,Default,11111111,Empty,RyuJit,X64,8c5e7fda-e8bf-4a96-9a85-a6e23a8c635c,.NET Core 3.0,False,True,False,True,Default,Default,False,False,False,Default,Default,Default,Default,Default,Default,Default,1,Default,Default,Default,Default,Default,Default,Default,Default,16,Default,Syste(...)Byte] [31],ShallowRows,"597,291.490 ns","2,077.2204 ns","1,841.4018 ns","596,679.418 ns",1.00,-,-,-,38187 B
Cesil,DefaultJob,False,Default,Default,Default,Default,Default,Default,11111111,Empty,RyuJit,X64,8c5e7fda-e8bf-4a96-9a85-a6e23a8c635c,.NET Core 3.0,False,True,False,True,Default,Default,False,False,False,Default,Default,Default,Default,Default,Default,Default,1,Default,Default,Default,Default,Default,Default,Default,Default,16,Default,Syste(...)Byte] [31],ShallowRows,"7,231.179 ns",58.8580 ns,49.1491 ns,"7,232.884 ns",0.01,0.0229,-,-,1544 B
CsvHelper,DefaultJob,False,Default,Default,Default,Default,Default,Default,11111111,Empty,RyuJit,X64,8c5e7fda-e8bf-4a96-9a85-a6e23a8c635c,.NET Core 3.0,False,True,False,True,Default,Default,False,False,False,Default,Default,Default,Default,Default,Default,Default,1,Default,Default,Default,Default,Default,Default,Default,Default,16,Default,Syste(...)ngle] [32],DeepRows,"21,309,231.266 ns","129,109.0727 ns","114,451.8301 ns","21,293,034.749 ns",1.00,187.5000,62.5000,31.2500,12114283 B
Cesil,DefaultJob,False,Default,Default,Default,Default,Default,Default,11111111,Empty,RyuJit,X64,8c5e7fda-e8bf-4a96-9a85-a6e23a8c635c,.NET Core 3.0,False,True,False,True,Default,Default,False,False,False,Default,Default,Default,Default,Default,Default,Default,1,Default,Default,Default,Default,Default,Default,Default,Default,16,Default,Syste(...)ngle] [32],DeepRows,"7,527,560.839 ns","150,393.5681 ns","184,696.8078 ns","7,621,705.624 ns",0.35,39.0625,39.0625,39.0625,503456 B
CsvHelper,DefaultJob,False,Default,Default,Default,Default,Default,Default,11111111,Empty,RyuJit,X64,8c5e7fda-e8bf-4a96-9a85-a6e23a8c635c,.NET Core 3.0,False,True,False,True,Default,Default,False,False,False,Default,Default,Default,Default,Default,Default,Default,1,Default,Default,Default,Default,Default,Default,Default,Default,16,Default,Syste(...)ngle] [32],ShallowRows,"609,994.364 ns","2,294.1644 ns","2,033.7170 ns","609,793.158 ns",1.00,-,-,-,38682 B
Cesil,DefaultJob,False,Default,Default,Default,Default,Default,Default,11111111,Empty,RyuJit,X64,8c5e7fda-e8bf-4a96-9a85-a6e23a8c635c,.NET Core 3.0,False,True,False,True,Default,Default,False,False,False,Default,Default,Default,Default,Default,Default,Default,1,Default,Default,Default,Default,Default,Default,Default,Default,16,Default,Syste(...)ngle] [32],ShallowRows,"10,001.407 ns",173.7130 ns,162.4913 ns,"9,941.403 ns",0.02,0.0153,-,-,1544 B
CsvHelper,DefaultJob,False,Default,Default,Default,Default,Default,Default,11111111,Empty,RyuJit,X64,8c5e7fda-e8bf-4a96-9a85-a6e23a8c635c,.NET Core 3.0,False,True,False,True,Default,Default,False,False,False,Default,Default,Default,Default,Default,Default,Default,1,Default,Default,Default,Default,Default,Default,Default,Default,16,Default,Syste(...)nt16] [32],DeepRows,"18,628,004.916 ns","84,513.6692 ns","74,919.1665 ns","18,609,750.020 ns",1.00,187.5000,62.5000,31.2500,11709059 B
Cesil,DefaultJob,False,Default,Default,Default,Default,Default,Default,11111111,Empty,RyuJit,X64,8c5e7fda-e8bf-4a96-9a85-a6e23a8c635c,.NET Core 3.0,False,True,False,True,Default,Default,False,False,False,Default,Default,Default,Default,Default,Default,Default,1,Default,Default,Default,Default,Default,Default,Default,Default,16,Default,Syste(...)nt16] [32],DeepRows,"5,148,314.755 ns","49,600.3723 ns","41,418.5573 ns","5,152,228.407 ns",0.28,39.0625,39.0625,39.0625,503456 B
CsvHelper,DefaultJob,False,Default,Default,Default,Default,Default,Default,11111111,Empty,RyuJit,X64,8c5e7fda-e8bf-4a96-9a85-a6e23a8c635c,.NET Core 3.0,False,True,False,True,Default,Default,False,False,False,Default,Default,Default,Default,Default,Default,Default,1,Default,Default,Default,Default,Default,Default,Default,Default,16,Default,Syste(...)nt16] [32],ShallowRows,"597,545.180 ns",966.1736 ns,856.4878 ns,"597,642.218 ns",1.00,-,-,-,38100 B
Cesil,DefaultJob,False,Default,Default,Default,Default,Default,Default,11111111,Empty,RyuJit,X64,8c5e7fda-e8bf-4a96-9a85-a6e23a8c635c,.NET Core 3.0,False,True,False,True,Default,Default,False,False,False,Default,Default,Default,Default,Default,Default,Default,1,Default,Default,Default,Default,Default,Default,Default,Default,16,Default,Syste(...)nt16] [32],ShallowRows,"7,415.372 ns",145.2190 ns,155.3827 ns,"7,454.973 ns",0.01,0.0229,-,-,1544 B
CsvHelper,DefaultJob,False,Default,Default,Default,Default,Default,Default,11111111,Empty,RyuJit,X64,8c5e7fda-e8bf-4a96-9a85-a6e23a8c635c,.NET Core 3.0,False,True,False,True,Default,Default,False,False,False,Default,Default,Default,Default,Default,Default,Default,1,Default,Default,Default,Default,Default,Default,Default,Default,16,Default,Syste(...)nt32] [32],DeepRows,"18,861,917.075 ns","124,591.3003 ns","116,542.7796 ns","18,823,153.521 ns",1.00,187.5000,62.5000,31.2500,11957083 B
Cesil,DefaultJob,False,Default,Default,Default,Default,Default,Default,11111111,Empty,RyuJit,X64,8c5e7fda-e8bf-4a96-9a85-a6e23a8c635c,.NET Core 3.0,False,True,False,True,Default,Default,False,False,False,Default,Default,Default,Default,Default,Default,Default,1,Default,Default,Default,Default,Default,Default,Default,Default,16,Default,Syste(...)nt32] [32],DeepRows,"5,546,247.089 ns","93,925.7542 ns","87,858.2088 ns","5,537,268.203 ns",0.29,39.0625,39.0625,39.0625,503456 B
CsvHelper,DefaultJob,False,Default,Default,Default,Default,Default,Default,11111111,Empty,RyuJit,X64,8c5e7fda-e8bf-4a96-9a85-a6e23a8c635c,.NET Core 3.0,False,True,False,True,Default,Default,False,False,False,Default,Default,Default,Default,Default,Default,Default,1,Default,Default,Default,Default,Default,Default,Default,Default,16,Default,Syste(...)nt32] [32],ShallowRows,"600,717.973 ns","2,413.5213 ns","2,139.5237 ns","600,134.511 ns",1.00,-,-,-,38356 B
Cesil,DefaultJob,False,Default,Default,Default,Default,Default,Default,11111111,Empty,RyuJit,X64,8c5e7fda-e8bf-4a96-9a85-a6e23a8c635c,.NET Core 3.0,False,True,False,True,Default,Default,False,False,False,Default,Default,Default,Default,Default,Default,Default,1,Default,Default,Default,Default,Default,Default,Default,Default,16,Default,Syste(...)nt32] [32],ShallowRows,"7,655.912 ns",152.4254 ns,169.4205 ns,"7,695.232 ns",0.01,0.0153,-,-,1544 B
CsvHelper,DefaultJob,False,Default,Default,Default,Default,Default,Default,11111111,Empty,RyuJit,X64,8c5e7fda-e8bf-4a96-9a85-a6e23a8c635c,.NET Core 3.0,False,True,False,True,Default,Default,False,False,False,Default,Default,Default,Default,Default,Default,Default,1,Default,Default,Default,Default,Default,Default,Default,Default,16,Default,Syste(...)nt64] [32],DeepRows,"20,206,203.581 ns","127,220.1850 ns","112,777.3803 ns","20,177,196.826 ns",1.00,187.5000,62.5000,31.2500,12417899 B
Cesil,DefaultJob,False,Default,Default,Default,Default,Default,Default,11111111,Empty,RyuJit,X64,8c5e7fda-e8bf-4a96-9a85-a6e23a8c635c,.NET Core 3.0,False,True,False,True,Default,Default,False,False,False,Default,Default,Default,Default,Default,Default,Default,1,Default,Default,Default,Default,Default,Default,Default,Default,16,Default,Syste(...)nt64] [32],DeepRows,"6,045,515.316 ns","25,851.5395 ns","21,587.2063 ns","6,045,040.611 ns",0.30,39.0625,39.0625,39.0625,583464 B
CsvHelper,DefaultJob,False,Default,Default,Default,Default,Default,Default,11111111,Empty,RyuJit,X64,8c5e7fda-e8bf-4a96-9a85-a6e23a8c635c,.NET Core 3.0,False,True,False,True,Default,Default,False,False,False,Default,Default,Default,Default,Default,Default,Default,1,Default,Default,Default,Default,Default,Default,Default,Default,16,Default,Syste(...)nt64] [32],ShallowRows,"602,255.202 ns","1,964.8229 ns","1,837.8965 ns","602,713.542 ns",1.00,-,-,-,39346 B
Cesil,DefaultJob,False,Default,Default,Default,Default,Default,Default,11111111,Empty,RyuJit,X64,8c5e7fda-e8bf-4a96-9a85-a6e23a8c635c,.NET Core 3.0,False,True,False,True,Default,Default,False,False,False,Default,Default,Default,Default,Default,Default,Default,1,Default,Default,Default,Default,Default,Default,Default,Default,16,Default,Syste(...)nt64] [32],ShallowRows,"8,515.899 ns",89.1851 ns,74.4736 ns,"8,521.984 ns",0.01,0.0153,-,-,1632 B
CsvHelper,DefaultJob,False,Default,Default,Default,Default,Default,Default,11111111,Empty,RyuJit,X64,8c5e7fda-e8bf-4a96-9a85-a6e23a8c635c,.NET Core 3.0,False,True,False,True,Default,Default,False,False,False,Default,Default,Default,Default,Default,Default,Default,1,Default,Default,Default,Default,Default,Default,Default,Default,16,Default,System.SByte,DeepRows,"18,042,475.097 ns","145,956.6899 ns","136,527.9782 ns","18,016,848.749 ns",1.00,156.2500,62.5000,31.2500,10062543 B
Cesil,DefaultJob,False,Default,Default,Default,Default,Default,Default,11111111,Empty,RyuJit,X64,8c5e7fda-e8bf-4a96-9a85-a6e23a8c635c,.NET Core 3.0,False,True,False,True,Default,Default,False,False,False,Default,Default,Default,Default,Default,Default,Default,1,Default,Default,Default,Default,Default,Default,Default,Default,16,Default,System.SByte,DeepRows,"6,092,461.281 ns","113,597.2362 ns","106,258.9252 ns","6,129,324.446 ns",0.34,39.0625,39.0625,39.0625,503456 B
CsvHelper,DefaultJob,False,Default,Default,Default,Default,Default,Default,11111111,Empty,RyuJit,X64,8c5e7fda-e8bf-4a96-9a85-a6e23a8c635c,.NET Core 3.0,False,True,False,True,Default,Default,False,False,False,Default,Default,Default,Default,Default,Default,Default,1,Default,Default,Default,Default,Default,Default,Default,Default,16,Default,System.SByte,ShallowRows,"579,927.025 ns","2,105.7022 ns","1,758.3567 ns","579,602.103 ns",1.00,-,-,-,35924 B
Cesil,DefaultJob,False,Default,Default,Default,Default,Default,Default,11111111,Empty,RyuJit,X64,8c5e7fda-e8bf-4a96-9a85-a6e23a8c635c,.NET Core 3.0,False,True,False,True,Default,Default,False,False,False,Default,Default,Default,Default,Default,Default,Default,1,Default,Default,Default,Default,Default,Default,Default,Default,16,Default,System.SByte,ShallowRows,"7,777.704 ns",151.7786 ns,168.7015 ns,"7,795.722 ns",0.01,0.0153,-,-,1544 B
CsvHelper,DefaultJob,False,Default,Default,Default,Default,Default,Default,11111111,Empty,RyuJit,X64,8c5e7fda-e8bf-4a96-9a85-a6e23a8c635c,.NET Core 3.0,False,True,False,True,Default,Default,False,False,False,Default,Default,Default,Default,Default,Default,Default,1,Default,Default,Default,Default,Default,Default,Default,Default,16,Default,System.Single,DeepRows,"23,366,311.455 ns","113,114.5165 ns","100,273.0726 ns","23,369,089.738 ns",1.00,156.2500,31.2500,31.2500,10951941 B
Cesil,DefaultJob,False,Default,Default,Default,Default,Default,Default,11111111,Empty,RyuJit,X64,8c5e7fda-e8bf-4a96-9a85-a6e23a8c635c,.NET Core 3.0,False,True,False,True,Default,Default,False,False,False,Default,Default,Default,Default,Default,Default,Default,1,Default,Default,Default,Default,Default,Default,Default,Default,16,Default,System.Single,DeepRows,"10,242,546.346 ns","198,340.0140 ns","278,044.9991 ns","10,092,872.898 ns",0.44,31.2500,31.2500,31.2500,503456 B
CsvHelper,DefaultJob,False,Default,Default,Default,Default,Default,Default,11111111,Empty,RyuJit,X64,8c5e7fda-e8bf-4a96-9a85-a6e23a8c635c,.NET Core 3.0,False,True,False,True,Default,Default,False,False,False,Default,Default,Default,Default,Default,Default,Default,1,Default,Default,Default,Default,Default,Default,Default,Default,16,Default,System.Single,ShallowRows,"591,178.139 ns","2,226.6238 ns","2,082.7853 ns","591,635.657 ns",1.00,-,-,-,36772 B
Cesil,DefaultJob,False,Default,Default,Default,Default,Default,Default,11111111,Empty,RyuJit,X64,8c5e7fda-e8bf-4a96-9a85-a6e23a8c635c,.NET Core 3.0,False,True,False,True,Default,Default,False,False,False,Default,Default,Default,Default,Default,Default,Default,1,Default,Default,Default,Default,Default,Default,Default,Default,16,Default,System.Single,ShallowRows,"11,247.457 ns",38.3082 ns,35.8335 ns,"11,239.425 ns",0.02,0.0153,-,-,1544 B
CsvHelper,DefaultJob,False,Default,Default,Default,Default,Default,Default,11111111,Empty,RyuJit,X64,8c5e7fda-e8bf-4a96-9a85-a6e23a8c635c,.NET Core 3.0,False,True,False,True,Default,Default,False,False,False,Default,Default,Default,Default,Default,Default,Default,1,Default,Default,Default,Default,Default,Default,Default,Default,16,Default,System.String,DeepRows,"20,569,666.496 ns","302,905.6789 ns","283,338.1599 ns","20,476,793.187 ns",1.00,187.5000,93.7500,31.2500,10601312 B
Cesil,DefaultJob,False,Default,Default,Default,Default,Default,Default,11111111,Empty,RyuJit,X64,8c5e7fda-e8bf-4a96-9a85-a6e23a8c635c,.NET Core 3.0,False,True,False,True,Default,Default,False,False,False,Default,Default,Default,Default,Default,Default,Default,1,Default,Default,Default,Default,Default,Default,Default,Default,16,Default,System.String,DeepRows,"7,144,608.778 ns","89,520.6898 ns","74,753.8304 ns","7,112,974.079 ns",0.35,39.0625,39.0625,39.0625,932208 B
CsvHelper,DefaultJob,False,Default,Default,Default,Default,Default,Default,11111111,Empty,RyuJit,X64,8c5e7fda-e8bf-4a96-9a85-a6e23a8c635c,.NET Core 3.0,False,True,False,True,Default,Default,False,False,False,Default,Default,Default,Default,Default,Default,Default,1,Default,Default,Default,Default,Default,Default,Default,Default,16,Default,System.String,ShallowRows,"583,945.042 ns","3,313.8784 ns","2,937.6669 ns","582,844.011 ns",1.00,-,-,-,37332 B
Cesil,DefaultJob,False,Default,Default,Default,Default,Default,Default,11111111,Empty,RyuJit,X64,8c5e7fda-e8bf-4a96-9a85-a6e23a8c635c,.NET Core 3.0,False,True,False,True,Default,Default,False,False,False,Default,Default,Default,Default,Default,Default,Default,1,Default,Default,Default,Default,Default,Default,Default,Default,16,Default,System.String,ShallowRows,"9,108.906 ns",37.6922 ns,33.4132 ns,"9,102.447 ns",0.02,0.0153,-,-,2024 B
CsvHelper,DefaultJob,False,Default,Default,Default,Default,Default,Default,11111111,Empty,RyuJit,X64,8c5e7fda-e8bf-4a96-9a85-a6e23a8c635c,.NET Core 3.0,False,True,False,True,Default,Default,False,False,False,Default,Default,Default,Default,Default,Default,Default,1,Default,Default,Default,Default,Default,Default,Default,Default,16,Default,System.UInt16,DeepRows,"18,621,896.218 ns","217,264.8133 ns","203,229.6412 ns","18,665,472.525 ns",1.00,156.2500,62.5000,31.2500,10183759 B
Cesil,DefaultJob,False,Default,Default,Default,Default,Default,Default,11111111,Empty,RyuJit,X64,8c5e7fda-e8bf-4a96-9a85-a6e23a8c635c,.NET Core 3.0,False,True,False,True,Default,Default,False,False,False,Default,Default,Default,Default,Default,Default,Default,1,Default,Default,Default,Default,Default,Default,Default,Default,16,Default,System.UInt16,DeepRows,"5,930,509.184 ns","71,892.5576 ns","60,033.5416 ns","5,907,532.345 ns",0.32,39.0625,39.0625,39.0625,503456 B
CsvHelper,DefaultJob,False,Default,Default,Default,Default,Default,Default,11111111,Empty,RyuJit,X64,8c5e7fda-e8bf-4a96-9a85-a6e23a8c635c,.NET Core 3.0,False,True,False,True,Default,Default,False,False,False,Default,Default,Default,Default,Default,Default,Default,1,Default,Default,Default,Default,Default,Default,Default,Default,16,Default,System.UInt16,ShallowRows,"592,391.453 ns","5,846.5469 ns","5,468.8636 ns","592,280.993 ns",1.00,-,-,-,36018 B
Cesil,DefaultJob,False,Default,Default,Default,Default,Default,Default,11111111,Empty,RyuJit,X64,8c5e7fda-e8bf-4a96-9a85-a6e23a8c635c,.NET Core 3.0,False,True,False,True,Default,Default,False,False,False,Default,Default,Default,Default,Default,Default,Default,1,Default,Default,Default,Default,Default,Default,Default,Default,16,Default,System.UInt16,ShallowRows,"7,783.187 ns",34.4200 ns,30.5124 ns,"7,775.832 ns",0.01,0.0153,-,-,1544 B
CsvHelper,DefaultJob,False,Default,Default,Default,Default,Default,Default,11111111,Empty,RyuJit,X64,8c5e7fda-e8bf-4a96-9a85-a6e23a8c635c,.NET Core 3.0,False,True,False,True,Default,Default,False,False,False,Default,Default,Default,Default,Default,Default,Default,1,Default,Default,Default,Default,Default,Default,Default,Default,16,Default,System.UInt32,DeepRows,"19,776,559.786 ns","309,770.9717 ns","289,759.9591 ns","19,870,618.190 ns",1.00,156.2500,62.5000,31.2500,10647464 B
Cesil,DefaultJob,False,Default,Default,Default,Default,Default,Default,11111111,Empty,RyuJit,X64,8c5e7fda-e8bf-4a96-9a85-a6e23a8c635c,.NET Core 3.0,False,True,False,True,Default,Default,False,False,False,Default,Default,Default,Default,Default,Default,Default,1,Default,Default,Default,Default,Default,Default,Default,Default,16,Default,System.UInt32,DeepRows,"6,592,429.765 ns","95,036.0599 ns","84,246.9917 ns","6,564,262.531 ns",0.33,39.0625,39.0625,39.0625,503456 B
CsvHelper,DefaultJob,False,Default,Default,Default,Default,Default,Default,11111111,Empty,RyuJit,X64,8c5e7fda-e8bf-4a96-9a85-a6e23a8c635c,.NET Core 3.0,False,True,False,True,Default,Default,False,False,False,Default,Default,Default,Default,Default,Default,Default,1,Default,Default,Default,Default,Default,Default,Default,Default,16,Default,System.UInt32,ShallowRows,"581,784.242 ns","1,778.2589 ns","1,484.9268 ns","581,449.060 ns",1.00,-,-,-,36396 B
Cesil,DefaultJob,False,Default,Default,Default,Default,Default,Default,11111111,Empty,RyuJit,X64,8c5e7fda-e8bf-4a96-9a85-a6e23a8c635c,.NET Core 3.0,False,True,False,True,Default,Default,False,False,False,Default,Default,Default,Default,Default,Default,Default,1,Default,Default,Default,Default,Default,Default,Default,Default,16,Default,System.UInt32,ShallowRows,"8,702.513 ns",171.1986 ns,160.1393 ns,"8,683.613 ns",0.01,0.0153,-,-,1544 B
CsvHelper,DefaultJob,False,Default,Default,Default,Default,Default,Default,11111111,Empty,RyuJit,X64,8c5e7fda-e8bf-4a96-9a85-a6e23a8c635c,.NET Core 3.0,False,True,False,True,Default,Default,False,False,False,Default,Default,Default,Default,Default,Default,Default,1,Default,Default,Default,Default,Default,Default,Default,Default,16,Default,System.UInt64,DeepRows,"20,546,371.684 ns","177,449.2610 ns","165,986.1489 ns","20,619,868.151 ns",1.00,187.5000,93.7500,31.2500,11395843 B
Cesil,DefaultJob,False,Default,Default,Default,Default,Default,Default,11111111,Empty,RyuJit,X64,8c5e7fda-e8bf-4a96-9a85-a6e23a8c635c,.NET Core 3.0,False,True,False,True,Default,Default,False,False,False,Default,Default,Default,Default,Default,Default,Default,1,Default,Default,Default,Default,Default,Default,Default,Default,16,Default,System.UInt64,DeepRows,"7,642,575.555 ns","27,659.3321 ns","25,872.5565 ns","7,644,552.221 ns",0.37,31.2500,31.2500,31.2500,503556 B
CsvHelper,DefaultJob,False,Default,Default,Default,Default,Default,Default,11111111,Empty,RyuJit,X64,8c5e7fda-e8bf-4a96-9a85-a6e23a8c635c,.NET Core 3.0,False,True,False,True,Default,Default,False,False,False,Default,Default,Default,Default,Default,Default,Default,1,Default,Default,Default,Default,Default,Default,Default,Default,16,Default,System.UInt64,ShallowRows,"583,117.425 ns","2,223.9328 ns","2,080.2682 ns","582,849.601 ns",1.00,-,-,-,37316 B
Cesil,DefaultJob,False,Default,Default,Default,Default,Default,Default,11111111,Empty,RyuJit,X64,8c5e7fda-e8bf-4a96-9a85-a6e23a8c635c,.NET Core 3.0,False,True,False,True,Default,Default,False,False,False,Default,Default,Default,Default,Default,Default,Default,1,Default,Default,Default,Default,Default,Default,Default,Default,16,Default,System.UInt64,ShallowRows,"9,524.334 ns",36.3737 ns,32.2443 ns,"9,512.971 ns",0.02,0.0153,-,-,1544 B
CsvHelper,DefaultJob,False,Default,Default,Default,Default,Default,Default,11111111,Empty,RyuJit,X64,8c5e7fda-e8bf-4a96-9a85-a6e23a8c635c,.NET Core 3.0,False,True,False,True,Default,Default,False,False,False,Default,Default,Default,Default,Default,Default,Default,1,Default,Default,Default,Default,Default,Default,Default,Default,16,Default,System.Uri,DeepRows,"28,942,661.985 ns","265,632.0246 ns","235,475.8709 ns","28,899,212.212 ns",1.00,218.7500,125.0000,31.2500,13098954 B
Cesil,DefaultJob,False,Default,Default,Default,Default,Default,Default,11111111,Empty,RyuJit,X64,8c5e7fda-e8bf-4a96-9a85-a6e23a8c635c,.NET Core 3.0,False,True,False,True,Default,Default,False,False,False,Default,Default,Default,Default,Default,Default,Default,1,Default,Default,Default,Default,Default,Default,Default,Default,16,Default,System.Uri,DeepRows,"13,376,278.439 ns","229,158.2417 ns","214,354.7615 ns","13,302,289.348 ns",0.46,31.2500,15.6250,15.6250,2205684 B
CsvHelper,DefaultJob,False,Default,Default,Default,Default,Default,Default,11111111,Empty,RyuJit,X64,8c5e7fda-e8bf-4a96-9a85-a6e23a8c635c,.NET Core 3.0,False,True,False,True,Default,Default,False,False,False,Default,Default,Default,Default,Default,Default,Default,1,Default,Default,Default,Default,Default,Default,Default,Default,16,Default,System.Uri,ShallowRows,"590,329.151 ns","2,882.3476 ns","2,555.1261 ns","589,768.075 ns",1.00,-,-,-,39010 B
Cesil,DefaultJob,False,Default,Default,Default,Default,Default,Default,11111111,Empty,RyuJit,X64,8c5e7fda-e8bf-4a96-9a85-a6e23a8c635c,.NET Core 3.0,False,True,False,True,Default,Default,False,False,False,Default,Default,Default,Default,Default,Default,Default,1,Default,Default,Default,Default,Default,Default,Default,Default,16,Default,System.Uri,ShallowRows,"14,293.688 ns",231.8673 ns,216.8888 ns,"14,281.527 ns",0.02,0.0458,-,-,3160 B
