Method,Job,AnalyzeLaunchVariance,EvaluateOverhead,MaxAbsoluteError,MaxRelativeError,MinInvokeCount,MinIterationTime,OutlierMode,Affinity,EnvironmentVariables,Jit,Platform,PowerPlanMode,Runtime,AllowVeryLargeObjects,Concurrent,CpuGroups,Force,HeapAffinitizeMask,HeapCount,NoAffinitize,RetainVm,Server,Arguments,BuildConfiguration,Clock,EngineFactory,NuGetReferences,Toolchain,IsMutator,InvocationCount,IterationCount,IterationTime,LaunchCount,MaxIterationCount,MaxWarmupIterationCount,MinIterationCount,MinWarmupIterationCount,RunStrategy,UnrollFactor,WarmupCount,Type,RowSet,Mean [ns],Error [ns],StdDev [ns],Median [ns],Ratio,RatioSD,Gen 0,Gen 1,Gen 2,Allocated [B]
Static,DefaultJob,False,Default,Default,Default,Default,Default,Default,11111111,Empty,RyuJit,X64,8c5e7fda-e8bf-4a96-9a85-a6e23a8c635c,.NET Core 3.0,False,True,False,True,Default,Default,False,False,False,Default,Default,Default,Default,Default,Default,Default,1,Default,Default,Default,Default,Default,Default,Default,Default,16,Default,Cesil(...)wEnum [29],DeepRows,"7,632,084.533 ns","53,684.7119 ns","47,590.0987 ns","7,636,078.811 ns",1.00,0.00,-,-,-,372400 B
Dynamic,DefaultJob,False,Default,Default,Default,Default,Default,Default,11111111,Empty,RyuJit,X64,8c5e7fda-e8bf-4a96-9a85-a6e23a8c635c,.NET Core 3.0,False,True,False,True,Default,Default,False,False,False,Default,Default,Default,Default,Default,Default,Default,1,Default,Default,Default,Default,Default,Default,Default,Default,16,Default,Cesil(...)wEnum [29],DeepRows,"21,118,858.523 ns","340,090.3955 ns","301,481.2773 ns","21,058,487.042 ns",2.77,0.04,62.5000,31.2500,-,4689788 B
Static,DefaultJob,False,Default,Default,Default,Default,Default,Default,11111111,Empty,RyuJit,X64,8c5e7fda-e8bf-4a96-9a85-a6e23a8c635c,.NET Core 3.0,False,True,False,True,Default,Default,False,False,False,Default,Default,Default,Default,Default,Default,Default,1,Default,Default,Default,Default,Default,Default,Default,Default,16,Default,Cesil(...)wEnum [29],ShallowRows,"10,587.287 ns",208.9985 ns,240.6829 ns,"10,596.495 ns",1.00,0.00,0.0153,-,-,1432 B
Dynamic,DefaultJob,False,Default,Default,Default,Default,Default,Default,11111111,Empty,RyuJit,X64,8c5e7fda-e8bf-4a96-9a85-a6e23a8c635c,.NET Core 3.0,False,True,False,True,Default,Default,False,False,False,Default,Default,Default,Default,Default,Default,Default,1,Default,Default,Default,Default,Default,Default,Default,Default,16,Default,Cesil(...)wEnum [29],ShallowRows,"21,574.686 ns",235.6602 ns,208.9067 ns,"21,579.007 ns",2.03,0.06,0.0610,-,-,6088 B
Static,DefaultJob,False,Default,Default,Default,Default,Default,Default,11111111,Empty,RyuJit,X64,8c5e7fda-e8bf-4a96-9a85-a6e23a8c635c,.NET Core 3.0,False,True,False,True,Default,Default,False,False,False,Default,Default,Default,Default,Default,Default,Default,1,Default,Default,Default,Default,Default,Default,Default,Default,16,Default,Cesil(...)sEnum [34],DeepRows,"10,729,201.362 ns","210,739.9222 ns","328,096.6699 ns","10,805,105.080 ns",1.00,0.00,15.6250,-,-,1465573 B
Dynamic,DefaultJob,False,Default,Default,Default,Default,Default,Default,11111111,Empty,RyuJit,X64,8c5e7fda-e8bf-4a96-9a85-a6e23a8c635c,.NET Core 3.0,False,True,False,True,Default,Default,False,False,False,Default,Default,Default,Default,Default,Default,Default,1,Default,Default,Default,Default,Default,Default,Default,Default,16,Default,Cesil(...)sEnum [34],DeepRows,"27,114,431.598 ns","536,482.0499 ns","1,305,871.4554 ns","26,546,567.829 ns",2.51,0.12,62.5000,31.2500,-,5963948 B
Static,DefaultJob,False,Default,Default,Default,Default,Default,Default,11111111,Empty,RyuJit,X64,8c5e7fda-e8bf-4a96-9a85-a6e23a8c635c,.NET Core 3.0,False,True,False,True,Default,Default,False,False,False,Default,Default,Default,Default,Default,Default,Default,1,Default,Default,Default,Default,Default,Default,Default,Default,16,Default,Cesil(...)sEnum [34],ShallowRows,"11,925.624 ns",131.3417 ns,116.4310 ns,"11,928.877 ns",1.00,0.00,0.0305,-,-,2480 B
Dynamic,DefaultJob,False,Default,Default,Default,Default,Default,Default,11111111,Empty,RyuJit,X64,8c5e7fda-e8bf-4a96-9a85-a6e23a8c635c,.NET Core 3.0,False,True,False,True,Default,Default,False,False,False,Default,Default,Default,Default,Default,Default,Default,1,Default,Default,Default,Default,Default,Default,Default,Default,16,Default,Cesil(...)sEnum [34],ShallowRows,"26,960.989 ns",616.6766 ns,"1,749.4090 ns","26,619.961 ns",2.19,0.09,0.0916,-,-,7208 B
Static,DefaultJob,False,Default,Default,Default,Default,Default,Default,11111111,Empty,RyuJit,X64,8c5e7fda-e8bf-4a96-9a85-a6e23a8c635c,.NET Core 3.0,False,True,False,True,Default,Default,False,False,False,Default,Default,Default,Default,Default,Default,Default,1,Default,Default,Default,Default,Default,Default,Default,Default,16,Default,System.Byte,DeepRows,"5,790,387.251 ns","56,417.3074 ns","44,046.9226 ns","5,806,030.293 ns",1.00,0.00,-,-,-,274112 B
Dynamic,DefaultJob,False,Default,Default,Default,Default,Default,Default,11111111,Empty,RyuJit,X64,8c5e7fda-e8bf-4a96-9a85-a6e23a8c635c,.NET Core 3.0,False,True,False,True,Default,Default,False,False,False,Default,Default,Default,Default,Default,Default,Default,1,Default,Default,Default,Default,Default,Default,Default,Default,16,Default,System.Byte,DeepRows,"13,714,978.009 ns","180,691.0523 ns","169,018.5225 ns","13,753,497.306 ns",2.38,0.02,31.2500,15.6250,-,2991490 B
Static,DefaultJob,False,Default,Default,Default,Default,Default,Default,11111111,Empty,RyuJit,X64,8c5e7fda-e8bf-4a96-9a85-a6e23a8c635c,.NET Core 3.0,False,True,False,True,Default,Default,False,False,False,Default,Default,Default,Default,Default,Default,Default,1,Default,Default,Default,Default,Default,Default,Default,Default,16,Default,System.Byte,ShallowRows,"8,557.771 ns",167.2255 ns,416.4495 ns,"8,670.530 ns",1.00,0.00,0.0153,-,-,1352 B
Dynamic,DefaultJob,False,Default,Default,Default,Default,Default,Default,11111111,Empty,RyuJit,X64,8c5e7fda-e8bf-4a96-9a85-a6e23a8c635c,.NET Core 3.0,False,True,False,True,Default,Default,False,False,False,Default,Default,Default,Default,Default,Default,Default,1,Default,Default,Default,Default,Default,Default,Default,Default,16,Default,System.Byte,ShallowRows,"15,672.062 ns",655.9983 ns,"1,871.6000 ns","14,653.925 ns",1.79,0.21,0.0610,-,-,4408 B
Static,DefaultJob,False,Default,Default,Default,Default,Default,Default,11111111,Empty,RyuJit,X64,8c5e7fda-e8bf-4a96-9a85-a6e23a8c635c,.NET Core 3.0,False,True,False,True,Default,Default,False,False,False,Default,Default,Default,Default,Default,Default,Default,1,Default,Default,Default,Default,Default,Default,Default,Default,16,Default,System.Char,DeepRows,"5,918,955.326 ns","127,863.5657 ns","370,955.3888 ns","5,913,262.499 ns",1.00,0.00,-,-,-,306872 B
Dynamic,DefaultJob,False,Default,Default,Default,Default,Default,Default,11111111,Empty,RyuJit,X64,8c5e7fda-e8bf-4a96-9a85-a6e23a8c635c,.NET Core 3.0,False,True,False,True,Default,Default,False,False,False,Default,Default,Default,Default,Default,Default,Default,1,Default,Default,Default,Default,Default,Default,Default,Default,16,Default,System.Char,DeepRows,"13,339,403.246 ns","38,879.0144 ns","30,354.1771 ns","13,346,347.999 ns",2.15,0.21,31.2500,15.6250,-,3024250 B
Static,DefaultJob,False,Default,Default,Default,Default,Default,Default,11111111,Empty,RyuJit,X64,8c5e7fda-e8bf-4a96-9a85-a6e23a8c635c,.NET Core 3.0,False,True,False,True,Default,Default,False,False,False,Default,Default,Default,Default,Default,Default,Default,1,Default,Default,Default,Default,Default,Default,Default,Default,16,Default,System.Char,ShallowRows,"7,378.920 ns",77.0506 ns,72.0731 ns,"7,398.203 ns",1.00,0.00,0.0153,-,-,1376 B
Dynamic,DefaultJob,False,Default,Default,Default,Default,Default,Default,11111111,Empty,RyuJit,X64,8c5e7fda-e8bf-4a96-9a85-a6e23a8c635c,.NET Core 3.0,False,True,False,True,Default,Default,False,False,False,Default,Default,Default,Default,Default,Default,Default,1,Default,Default,Default,Default,Default,Default,Default,Default,16,Default,System.Char,ShallowRows,"13,711.912 ns",72.8910 ns,64.6160 ns,"13,729.191 ns",1.86,0.02,0.0610,-,-,4432 B
Static,DefaultJob,False,Default,Default,Default,Default,Default,Default,11111111,Empty,RyuJit,X64,8c5e7fda-e8bf-4a96-9a85-a6e23a8c635c,.NET Core 3.0,False,True,False,True,Default,Default,False,False,False,Default,Default,Default,Default,Default,Default,Default,1,Default,Default,Default,Default,Default,Default,Default,Default,16,Default,System.DateTime,DeepRows,"16,573,703.891 ns","157,490.0845 ns","139,610.8578 ns","16,584,359.703 ns",1.00,0.00,31.2500,31.2500,31.2500,503686 B
Dynamic,DefaultJob,False,Default,Default,Default,Default,Default,Default,11111111,Empty,RyuJit,X64,8c5e7fda-e8bf-4a96-9a85-a6e23a8c635c,.NET Core 3.0,False,True,False,True,Default,Default,False,False,False,Default,Default,Default,Default,Default,Default,Default,1,Default,Default,Default,Default,Default,Default,Default,Default,16,Default,System.DateTime,DeepRows,"30,894,188.716 ns","137,832.9822 ns","107,610.9262 ns","30,922,357.345 ns",1.87,0.02,93.7500,62.5000,31.2500,5538868 B
Static,DefaultJob,False,Default,Default,Default,Default,Default,Default,11111111,Empty,RyuJit,X64,8c5e7fda-e8bf-4a96-9a85-a6e23a8c635c,.NET Core 3.0,False,True,False,True,Default,Default,False,False,False,Default,Default,Default,Default,Default,Default,Default,1,Default,Default,Default,Default,Default,Default,Default,Default,16,Default,System.DateTime,ShallowRows,"18,936.641 ns",168.9252 ns,149.7478 ns,"18,919.953 ns",1.00,0.00,-,-,-,1544 B
Dynamic,DefaultJob,False,Default,Default,Default,Default,Default,Default,11111111,Empty,RyuJit,X64,8c5e7fda-e8bf-4a96-9a85-a6e23a8c635c,.NET Core 3.0,False,True,False,True,Default,Default,False,False,False,Default,Default,Default,Default,Default,Default,Default,1,Default,Default,Default,Default,Default,Default,Default,Default,16,Default,System.DateTime,ShallowRows,"33,479.623 ns",664.5055 ns,"1,110.2393 ns","33,293.350 ns",1.75,0.07,0.0610,-,-,6600 B
Static,DefaultJob,False,Default,Default,Default,Default,Default,Default,11111111,Empty,RyuJit,X64,8c5e7fda-e8bf-4a96-9a85-a6e23a8c635c,.NET Core 3.0,False,True,False,True,Default,Default,False,False,False,Default,Default,Default,Default,Default,Default,Default,1,Default,Default,Default,Default,Default,Default,Default,Default,16,Default,Syste(...)ffset [21],DeepRows,"15,947,178.984 ns","316,348.4799 ns","701,006.3801 ns","15,847,291.716 ns",1.00,0.00,109.3750,109.3750,109.3750,845915 B
Dynamic,DefaultJob,False,Default,Default,Default,Default,Default,Default,11111111,Empty,RyuJit,X64,8c5e7fda-e8bf-4a96-9a85-a6e23a8c635c,.NET Core 3.0,False,True,False,True,Default,Default,False,False,False,Default,Default,Default,Default,Default,Default,Default,1,Default,Default,Default,Default,Default,Default,Default,Default,16,Default,Syste(...)ffset [21],DeepRows,"30,337,539.010 ns","591,370.2087 ns","632,759.4978 ns","30,304,802.227 ns",1.94,0.07,187.5000,156.2500,93.7500,6842184 B
Static,DefaultJob,False,Default,Default,Default,Default,Default,Default,11111111,Empty,RyuJit,X64,8c5e7fda-e8bf-4a96-9a85-a6e23a8c635c,.NET Core 3.0,False,True,False,True,Default,Default,False,False,False,Default,Default,Default,Default,Default,Default,Default,1,Default,Default,Default,Default,Default,Default,Default,Default,16,Default,Syste(...)ffset [21],ShallowRows,"16,748.099 ns",326.5582 ns,446.9966 ns,"16,863.064 ns",1.00,0.00,-,-,-,1856 B
Dynamic,DefaultJob,False,Default,Default,Default,Default,Default,Default,11111111,Empty,RyuJit,X64,8c5e7fda-e8bf-4a96-9a85-a6e23a8c635c,.NET Core 3.0,False,True,False,True,Default,Default,False,False,False,Default,Default,Default,Default,Default,Default,Default,1,Default,Default,Default,Default,Default,Default,Default,Default,16,Default,Syste(...)ffset [21],ShallowRows,"30,357.755 ns",532.8479 ns,634.3175 ns,"30,192.163 ns",1.81,0.06,0.0916,-,-,7865 B
Static,DefaultJob,False,Default,Default,Default,Default,Default,Default,11111111,Empty,RyuJit,X64,8c5e7fda-e8bf-4a96-9a85-a6e23a8c635c,.NET Core 3.0,False,True,False,True,Default,Default,False,False,False,Default,Default,Default,Default,Default,Default,Default,1,Default,Default,Default,Default,Default,Default,Default,Default,16,Default,System.Decimal,DeepRows,"13,924,557.966 ns","563,492.0600 ns","1,634,792.6409 ns","13,458,860.088 ns",1.00,0.00,93.7500,93.7500,93.7500,845778 B
Dynamic,DefaultJob,False,Default,Default,Default,Default,Default,Default,11111111,Empty,RyuJit,X64,8c5e7fda-e8bf-4a96-9a85-a6e23a8c635c,.NET Core 3.0,False,True,False,True,Default,Default,False,False,False,Default,Default,Default,Default,Default,Default,Default,1,Default,Default,Default,Default,Default,Default,Default,Default,16,Default,System.Decimal,DeepRows,"32,269,566.147 ns","608,068.9991 ns","1,491,603.6166 ns","32,550,356.269 ns",2.26,0.28,125.0000,62.5000,62.5000,7692497 B
Static,DefaultJob,False,Default,Default,Default,Default,Default,Default,11111111,Empty,RyuJit,X64,8c5e7fda-e8bf-4a96-9a85-a6e23a8c635c,.NET Core 3.0,False,True,False,True,Default,Default,False,False,False,Default,Default,Default,Default,Default,Default,Default,1,Default,Default,Default,Default,Default,Default,Default,Default,16,Default,System.Decimal,ShallowRows,"14,060.390 ns",275.6687 ns,616.5725 ns,"13,825.163 ns",1.00,0.00,0.0153,-,-,1856 B
Dynamic,DefaultJob,False,Default,Default,Default,Default,Default,Default,11111111,Empty,RyuJit,X64,8c5e7fda-e8bf-4a96-9a85-a6e23a8c635c,.NET Core 3.0,False,True,False,True,Default,Default,False,False,False,Default,Default,Default,Default,Default,Default,Default,1,Default,Default,Default,Default,Default,Default,Default,Default,16,Default,System.Decimal,ShallowRows,"29,706.469 ns",160.2209 ns,142.0317 ns,"29,686.856 ns",2.09,0.08,0.0916,-,-,8088 B
Static,DefaultJob,False,Default,Default,Default,Default,Default,Default,11111111,Empty,RyuJit,X64,8c5e7fda-e8bf-4a96-9a85-a6e23a8c635c,.NET Core 3.0,False,True,False,True,Default,Default,False,False,False,Default,Default,Default,Default,Default,Default,Default,1,Default,Default,Default,Default,Default,Default,Default,Default,16,Default,System.Double,DeepRows,"19,190,633.174 ns","369,340.1311 ns","467,097.0080 ns","19,383,265.238 ns",1.00,0.00,31.2500,31.2500,31.2500,503456 B
Dynamic,DefaultJob,False,Default,Default,Default,Default,Default,Default,11111111,Empty,RyuJit,X64,8c5e7fda-e8bf-4a96-9a85-a6e23a8c635c,.NET Core 3.0,False,True,False,True,Default,Default,False,False,False,Default,Default,Default,Default,Default,Default,Default,1,Default,Default,Default,Default,Default,Default,Default,Default,16,Default,System.Double,DeepRows,"27,146,441.918 ns","167,324.3419 ns","156,515.2933 ns","27,104,859.960 ns",1.42,0.04,62.5000,31.2500,31.2500,3538757 B
Static,DefaultJob,False,Default,Default,Default,Default,Default,Default,11111111,Empty,RyuJit,X64,8c5e7fda-e8bf-4a96-9a85-a6e23a8c635c,.NET Core 3.0,False,True,False,True,Default,Default,False,False,False,Default,Default,Default,Default,Default,Default,Default,1,Default,Default,Default,Default,Default,Default,Default,Default,16,Default,System.Double,ShallowRows,"20,430.266 ns",397.0309 ns,543.4604 ns,"20,708.566 ns",1.00,0.00,-,-,-,1544 B
Dynamic,DefaultJob,False,Default,Default,Default,Default,Default,Default,11111111,Empty,RyuJit,X64,8c5e7fda-e8bf-4a96-9a85-a6e23a8c635c,.NET Core 3.0,False,True,False,True,Default,Default,False,False,False,Default,Default,Default,Default,Default,Default,Default,1,Default,Default,Default,Default,Default,Default,Default,Default,16,Default,System.Double,ShallowRows,"26,891.185 ns",519.1343 ns,"1,182.3315 ns","26,541.029 ns",1.34,0.06,0.0610,-,-,4600 B
Static,DefaultJob,False,Default,Default,Default,Default,Default,Default,11111111,Empty,RyuJit,X64,8c5e7fda-e8bf-4a96-9a85-a6e23a8c635c,.NET Core 3.0,False,True,False,True,Default,Default,False,False,False,Default,Default,Default,Default,Default,Default,Default,1,Default,Default,Default,Default,Default,Default,Default,Default,16,Default,System.Guid,DeepRows,"10,858,314.529 ns","109,359.7715 ns","96,944.5889 ns","10,893,678.820 ns",1.00,0.00,93.7500,93.7500,93.7500,845816 B
Dynamic,DefaultJob,False,Default,Default,Default,Default,Default,Default,11111111,Empty,RyuJit,X64,8c5e7fda-e8bf-4a96-9a85-a6e23a8c635c,.NET Core 3.0,False,True,False,True,Default,Default,False,False,False,Default,Default,Default,Default,Default,Default,Default,1,Default,Default,Default,Default,Default,Default,Default,Default,16,Default,System.Guid,DeepRows,"24,195,298.049 ns","149,970.3103 ns","132,944.7738 ns","24,216,640.514 ns",2.23,0.03,125.0000,93.7500,62.5000,6517550 B
Static,DefaultJob,False,Default,Default,Default,Default,Default,Default,11111111,Empty,RyuJit,X64,8c5e7fda-e8bf-4a96-9a85-a6e23a8c635c,.NET Core 3.0,False,True,False,True,Default,Default,False,False,False,Default,Default,Default,Default,Default,Default,Default,1,Default,Default,Default,Default,Default,Default,Default,Default,16,Default,System.Guid,ShallowRows,"13,052.229 ns",242.7482 ns,227.0669 ns,"13,128.558 ns",1.00,0.00,0.0153,-,-,1856 B
Dynamic,DefaultJob,False,Default,Default,Default,Default,Default,Default,11111111,Empty,RyuJit,X64,8c5e7fda-e8bf-4a96-9a85-a6e23a8c635c,.NET Core 3.0,False,True,False,True,Default,Default,False,False,False,Default,Default,Default,Default,Default,Default,Default,1,Default,Default,Default,Default,Default,Default,Default,Default,16,Default,System.Guid,ShallowRows,"24,075.758 ns",154.4058 ns,120.5499 ns,"24,063.439 ns",1.84,0.04,0.0916,-,-,6905 B
Static,DefaultJob,False,Default,Default,Default,Default,Default,Default,11111111,Empty,RyuJit,X64,8c5e7fda-e8bf-4a96-9a85-a6e23a8c635c,.NET Core 3.0,False,True,False,True,Default,Default,False,False,False,Default,Default,Default,Default,Default,Default,Default,1,Default,Default,Default,Default,Default,Default,Default,Default,16,Default,System.Int16,DeepRows,"6,122,374.435 ns","8,877.1495 ns","7,412.8219 ns","6,124,726.137 ns",1.00,0.00,-,-,-,306872 B
Dynamic,DefaultJob,False,Default,Default,Default,Default,Default,Default,11111111,Empty,RyuJit,X64,8c5e7fda-e8bf-4a96-9a85-a6e23a8c635c,.NET Core 3.0,False,True,False,True,Default,Default,False,False,False,Default,Default,Default,Default,Default,Default,Default,1,Default,Default,Default,Default,Default,Default,Default,Default,16,Default,System.Int16,DeepRows,"13,824,684.029 ns","211,979.4072 ns","198,285.6690 ns","13,790,764.892 ns",2.26,0.03,31.2500,15.6250,-,3024250 B
Static,DefaultJob,False,Default,Default,Default,Default,Default,Default,11111111,Empty,RyuJit,X64,8c5e7fda-e8bf-4a96-9a85-a6e23a8c635c,.NET Core 3.0,False,True,False,True,Default,Default,False,False,False,Default,Default,Default,Default,Default,Default,Default,1,Default,Default,Default,Default,Default,Default,Default,Default,16,Default,System.Int16,ShallowRows,"8,109.160 ns",26.2832 ns,24.5853 ns,"8,104.120 ns",1.00,0.00,0.0153,-,-,1376 B
Dynamic,DefaultJob,False,Default,Default,Default,Default,Default,Default,11111111,Empty,RyuJit,X64,8c5e7fda-e8bf-4a96-9a85-a6e23a8c635c,.NET Core 3.0,False,True,False,True,Default,Default,False,False,False,Default,Default,Default,Default,Default,Default,Default,1,Default,Default,Default,Default,Default,Default,Default,Default,16,Default,System.Int16,ShallowRows,"14,332.521 ns",84.5857 ns,70.6329 ns,"14,338.810 ns",1.77,0.01,0.0610,-,-,4432 B
Static,DefaultJob,False,Default,Default,Default,Default,Default,Default,11111111,Empty,RyuJit,X64,8c5e7fda-e8bf-4a96-9a85-a6e23a8c635c,.NET Core 3.0,False,True,False,True,Default,Default,False,False,False,Default,Default,Default,Default,Default,Default,Default,1,Default,Default,Default,Default,Default,Default,Default,Default,16,Default,System.Int32,DeepRows,"6,645,675.841 ns","10,462.2138 ns","9,786.3613 ns","6,647,644.284 ns",1.00,0.00,-,-,-,372400 B
Dynamic,DefaultJob,False,Default,Default,Default,Default,Default,Default,11111111,Empty,RyuJit,X64,8c5e7fda-e8bf-4a96-9a85-a6e23a8c635c,.NET Core 3.0,False,True,False,True,Default,Default,False,False,False,Default,Default,Default,Default,Default,Default,Default,1,Default,Default,Default,Default,Default,Default,Default,Default,16,Default,System.Int32,DeepRows,"15,098,602.229 ns","123,069.0174 ns","115,118.8352 ns","15,042,177.384 ns",2.27,0.02,31.2500,-,-,3089781 B
Static,DefaultJob,False,Default,Default,Default,Default,Default,Default,11111111,Empty,RyuJit,X64,8c5e7fda-e8bf-4a96-9a85-a6e23a8c635c,.NET Core 3.0,False,True,False,True,Default,Default,False,False,False,Default,Default,Default,Default,Default,Default,Default,1,Default,Default,Default,Default,Default,Default,Default,Default,16,Default,System.Int32,ShallowRows,"8,699.618 ns",51.3808 ns,42.9053 ns,"8,706.786 ns",1.00,0.00,0.0153,-,-,1432 B
Dynamic,DefaultJob,False,Default,Default,Default,Default,Default,Default,11111111,Empty,RyuJit,X64,8c5e7fda-e8bf-4a96-9a85-a6e23a8c635c,.NET Core 3.0,False,True,False,True,Default,Default,False,False,False,Default,Default,Default,Default,Default,Default,Default,1,Default,Default,Default,Default,Default,Default,Default,Default,16,Default,System.Int32,ShallowRows,"14,607.471 ns",12.8571 ns,10.7362 ns,"14,609.339 ns",1.68,0.01,0.0610,-,-,4488 B
Static,DefaultJob,False,Default,Default,Default,Default,Default,Default,11111111,Empty,RyuJit,X64,8c5e7fda-e8bf-4a96-9a85-a6e23a8c635c,.NET Core 3.0,False,True,False,True,Default,Default,False,False,False,Default,Default,Default,Default,Default,Default,Default,1,Default,Default,Default,Default,Default,Default,Default,Default,16,Default,System.Int64,DeepRows,"7,958,629.490 ns","20,167.8684 ns","17,878.2900 ns","7,958,881.060 ns",1.00,0.00,31.2500,31.2500,31.2500,503556 B
Dynamic,DefaultJob,False,Default,Default,Default,Default,Default,Default,11111111,Empty,RyuJit,X64,8c5e7fda-e8bf-4a96-9a85-a6e23a8c635c,.NET Core 3.0,False,True,False,True,Default,Default,False,False,False,Default,Default,Default,Default,Default,Default,Default,1,Default,Default,Default,Default,Default,Default,Default,Default,16,Default,System.Int64,DeepRows,"15,814,328.221 ns","91,203.4448 ns","85,311.7588 ns","15,816,482.117 ns",1.99,0.01,62.5000,31.2500,31.2500,3538919 B
Static,DefaultJob,False,Default,Default,Default,Default,Default,Default,11111111,Empty,RyuJit,X64,8c5e7fda-e8bf-4a96-9a85-a6e23a8c635c,.NET Core 3.0,False,True,False,True,Default,Default,False,False,False,Default,Default,Default,Default,Default,Default,Default,1,Default,Default,Default,Default,Default,Default,Default,Default,16,Default,System.Int64,ShallowRows,"9,919.381 ns",20.4942 ns,19.1703 ns,"9,926.321 ns",1.00,0.00,0.0153,-,-,1544 B
Dynamic,DefaultJob,False,Default,Default,Default,Default,Default,Default,11111111,Empty,RyuJit,X64,8c5e7fda-e8bf-4a96-9a85-a6e23a8c635c,.NET Core 3.0,False,True,False,True,Default,Default,False,False,False,Default,Default,Default,Default,Default,Default,Default,1,Default,Default,Default,Default,Default,Default,Default,Default,16,Default,System.Int64,ShallowRows,"15,581.168 ns",84.2793 ns,78.8349 ns,"15,573.904 ns",1.57,0.01,0.0610,-,-,4600 B
Static,DefaultJob,False,Default,Default,Default,Default,Default,Default,11111111,Empty,RyuJit,X64,8c5e7fda-e8bf-4a96-9a85-a6e23a8c635c,.NET Core 3.0,False,True,False,True,Default,Default,False,False,False,Default,Default,Default,Default,Default,Default,Default,1,Default,Default,Default,Default,Default,Default,Default,Default,16,Default,Syste(...)Enum] [48],DeepRows,"6,233,812.676 ns","80,779.9764 ns","75,561.6400 ns","6,266,601.408 ns",1.00,0.00,39.0625,39.0625,39.0625,503456 B
Dynamic,DefaultJob,False,Default,Default,Default,Default,Default,Default,11111111,Empty,RyuJit,X64,8c5e7fda-e8bf-4a96-9a85-a6e23a8c635c,.NET Core 3.0,False,True,False,True,Default,Default,False,False,False,Default,Default,Default,Default,Default,Default,Default,1,Default,Default,Default,Default,Default,Default,Default,Default,16,Default,Syste(...)Enum] [48],DeepRows,"18,558,902.617 ns","366,698.9980 ns","360,147.4481 ns","18,616,658.278 ns",2.98,0.07,62.5000,31.2500,31.2500,4511120 B
Static,DefaultJob,False,Default,Default,Default,Default,Default,Default,11111111,Empty,RyuJit,X64,8c5e7fda-e8bf-4a96-9a85-a6e23a8c635c,.NET Core 3.0,False,True,False,True,Default,Default,False,False,False,Default,Default,Default,Default,Default,Default,Default,1,Default,Default,Default,Default,Default,Default,Default,Default,16,Default,Syste(...)Enum] [48],ShallowRows,"7,991.164 ns",150.3920 ns,133.3186 ns,"8,037.335 ns",1.00,0.00,0.0153,-,-,1544 B
Dynamic,DefaultJob,False,Default,Default,Default,Default,Default,Default,11111111,Empty,RyuJit,X64,8c5e7fda-e8bf-4a96-9a85-a6e23a8c635c,.NET Core 3.0,False,True,False,True,Default,Default,False,False,False,Default,Default,Default,Default,Default,Default,Default,1,Default,Default,Default,Default,Default,Default,Default,Default,16,Default,Syste(...)Enum] [48],ShallowRows,"17,328.425 ns",292.4018 ns,244.1687 ns,"17,264.189 ns",2.17,0.06,0.0610,-,-,5560 B
Static,DefaultJob,False,Default,Default,Default,Default,Default,Default,11111111,Empty,RyuJit,X64,8c5e7fda-e8bf-4a96-9a85-a6e23a8c635c,.NET Core 3.0,False,True,False,True,Default,Default,False,False,False,Default,Default,Default,Default,Default,Default,Default,1,Default,Default,Default,Default,Default,Default,Default,Default,16,Default,Syste(...)Enum] [53],DeepRows,"9,152,589.548 ns","169,762.9521 ns","166,729.9183 ns","9,143,887.918 ns",1.00,0.00,31.2500,31.2500,31.2500,1322296 B
Dynamic,DefaultJob,False,Default,Default,Default,Default,Default,Default,11111111,Empty,RyuJit,X64,8c5e7fda-e8bf-4a96-9a85-a6e23a8c635c,.NET Core 3.0,False,True,False,True,Default,Default,False,False,False,Default,Default,Default,Default,Default,Default,Default,1,Default,Default,Default,Default,Default,Default,Default,Default,16,Default,Syste(...)Enum] [53],DeepRows,"27,190,350.605 ns","229,084.8861 ns","191,296.2552 ns","27,225,199.352 ns",2.98,0.06,93.7500,62.5000,31.2500,6251349 B
Static,DefaultJob,False,Default,Default,Default,Default,Default,Default,11111111,Empty,RyuJit,X64,8c5e7fda-e8bf-4a96-9a85-a6e23a8c635c,.NET Core 3.0,False,True,False,True,Default,Default,False,False,False,Default,Default,Default,Default,Default,Default,Default,1,Default,Default,Default,Default,Default,Default,Default,Default,16,Default,Syste(...)Enum] [53],ShallowRows,"12,010.441 ns",187.8711 ns,208.8183 ns,"11,931.256 ns",1.00,0.00,0.0305,-,-,2600 B
Dynamic,DefaultJob,False,Default,Default,Default,Default,Default,Default,11111111,Empty,RyuJit,X64,8c5e7fda-e8bf-4a96-9a85-a6e23a8c635c,.NET Core 3.0,False,True,False,True,Default,Default,False,False,False,Default,Default,Default,Default,Default,Default,Default,1,Default,Default,Default,Default,Default,Default,Default,Default,16,Default,Syste(...)Enum] [53],ShallowRows,"30,242.384 ns",517.0233 ns,403.6578 ns,"30,172.906 ns",2.50,0.05,0.0916,-,-,7992 B
Static,DefaultJob,False,Default,Default,Default,Default,Default,Default,11111111,Empty,RyuJit,X64,8c5e7fda-e8bf-4a96-9a85-a6e23a8c635c,.NET Core 3.0,False,True,False,True,Default,Default,False,False,False,Default,Default,Default,Default,Default,Default,Default,1,Default,Default,Default,Default,Default,Default,Default,Default,16,Default,Syste(...)Byte] [30],DeepRows,"5,521,447.405 ns","109,511.6130 ns","286,572.8041 ns","5,378,170.089 ns",1.00,0.00,-,-,-,306872 B
Dynamic,DefaultJob,False,Default,Default,Default,Default,Default,Default,11111111,Empty,RyuJit,X64,8c5e7fda-e8bf-4a96-9a85-a6e23a8c635c,.NET Core 3.0,False,True,False,True,Default,Default,False,False,False,Default,Default,Default,Default,Default,Default,Default,1,Default,Default,Default,Default,Default,Default,Default,Default,16,Default,Syste(...)Byte] [30],DeepRows,"15,395,504.432 ns","80,674.9380 ns","67,367.2271 ns","15,385,505.487 ns",2.77,0.16,31.2500,-,-,3500136 B
Static,DefaultJob,False,Default,Default,Default,Default,Default,Default,11111111,Empty,RyuJit,X64,8c5e7fda-e8bf-4a96-9a85-a6e23a8c635c,.NET Core 3.0,False,True,False,True,Default,Default,False,False,False,Default,Default,Default,Default,Default,Default,Default,1,Default,Default,Default,Default,Default,Default,Default,Default,16,Default,Syste(...)Byte] [30],ShallowRows,"7,873.570 ns",102.4499 ns,90.8191 ns,"7,842.588 ns",1.00,0.00,0.0153,-,-,1376 B
Dynamic,DefaultJob,False,Default,Default,Default,Default,Default,Default,11111111,Empty,RyuJit,X64,8c5e7fda-e8bf-4a96-9a85-a6e23a8c635c,.NET Core 3.0,False,True,False,True,Default,Default,False,False,False,Default,Default,Default,Default,Default,Default,Default,1,Default,Default,Default,Default,Default,Default,Default,Default,16,Default,Syste(...)Byte] [30],ShallowRows,"18,825.753 ns",228.8767 ns,202.8932 ns,"18,815.698 ns",2.39,0.04,0.0610,-,-,5392 B
Static,DefaultJob,False,Default,Default,Default,Default,Default,Default,11111111,Empty,RyuJit,X64,8c5e7fda-e8bf-4a96-9a85-a6e23a8c635c,.NET Core 3.0,False,True,False,True,Default,Default,False,False,False,Default,Default,Default,Default,Default,Default,Default,1,Default,Default,Default,Default,Default,Default,Default,Default,16,Default,Syste(...)Char] [30],DeepRows,"4,925,755.498 ns","16,599.0646 ns","12,959.4578 ns","4,926,146.401 ns",1.00,0.00,-,-,-,372400 B
Dynamic,DefaultJob,False,Default,Default,Default,Default,Default,Default,11111111,Empty,RyuJit,X64,8c5e7fda-e8bf-4a96-9a85-a6e23a8c635c,.NET Core 3.0,False,True,False,True,Default,Default,False,False,False,Default,Default,Default,Default,Default,Default,Default,1,Default,Default,Default,Default,Default,Default,Default,Default,16,Default,Syste(...)Char] [30],DeepRows,"15,507,880.349 ns","248,966.0778 ns","220,701.9432 ns","15,574,847.278 ns",3.15,0.05,31.2500,-,-,3554624 B
Static,DefaultJob,False,Default,Default,Default,Default,Default,Default,11111111,Empty,RyuJit,X64,8c5e7fda-e8bf-4a96-9a85-a6e23a8c635c,.NET Core 3.0,False,True,False,True,Default,Default,False,False,False,Default,Default,Default,Default,Default,Default,Default,1,Default,Default,Default,Default,Default,Default,Default,Default,16,Default,Syste(...)Char] [30],ShallowRows,"7,070.260 ns",82.1899 ns,76.8805 ns,"7,045.869 ns",1.00,0.00,0.0153,-,-,1432 B
Dynamic,DefaultJob,False,Default,Default,Default,Default,Default,Default,11111111,Empty,RyuJit,X64,8c5e7fda-e8bf-4a96-9a85-a6e23a8c635c,.NET Core 3.0,False,True,False,True,Default,Default,False,False,False,Default,Default,Default,Default,Default,Default,Default,1,Default,Default,Default,Default,Default,Default,Default,Default,16,Default,Syste(...)Char] [30],ShallowRows,"15,871.440 ns",307.5715 ns,272.6541 ns,"15,908.866 ns",2.24,0.05,0.0610,-,-,4968 B
Static,DefaultJob,False,Default,Default,Default,Default,Default,Default,11111111,Empty,RyuJit,X64,8c5e7fda-e8bf-4a96-9a85-a6e23a8c635c,.NET Core 3.0,False,True,False,True,Default,Default,False,False,False,Default,Default,Default,Default,Default,Default,Default,1,Default,Default,Default,Default,Default,Default,Default,Default,16,Default,Syste(...)fset] [40],DeepRows,"9,870,337.408 ns","187,087.1309 ns","236,605.3178 ns","9,936,666.075 ns",1.00,0.00,187.5000,187.5000,187.5000,1187696 B
Dynamic,DefaultJob,False,Default,Default,Default,Default,Default,Default,11111111,Empty,RyuJit,X64,8c5e7fda-e8bf-4a96-9a85-a6e23a8c635c,.NET Core 3.0,False,True,False,True,Default,Default,False,False,False,Default,Default,Default,Default,Default,Default,Default,1,Default,Default,Default,Default,Default,Default,Default,Default,16,Default,Syste(...)fset] [40],DeepRows,"20,771,054.562 ns","319,923.5008 ns","299,256.6411 ns","20,591,815.688 ns",2.11,0.05,187.5000,187.5000,187.5000,4386592 B
Static,DefaultJob,False,Default,Default,Default,Default,Default,Default,11111111,Empty,RyuJit,X64,8c5e7fda-e8bf-4a96-9a85-a6e23a8c635c,.NET Core 3.0,False,True,False,True,Default,Default,False,False,False,Default,Default,Default,Default,Default,Default,Default,1,Default,Default,Default,Default,Default,Default,Default,Default,16,Default,Syste(...)fset] [40],ShallowRows,"12,665.173 ns",252.0086 ns,718.9947 ns,"12,756.870 ns",1.00,0.00,0.0305,-,-,2168 B
Dynamic,DefaultJob,False,Default,Default,Default,Default,Default,Default,11111111,Empty,RyuJit,X64,8c5e7fda-e8bf-4a96-9a85-a6e23a8c635c,.NET Core 3.0,False,True,False,True,Default,Default,False,False,False,Default,Default,Default,Default,Default,Default,Default,1,Default,Default,Default,Default,Default,Default,Default,Default,16,Default,Syste(...)fset] [40],ShallowRows,"21,207.414 ns",82.7882 ns,73.3896 ns,"21,206.524 ns",1.68,0.07,0.0610,-,-,5528 B
Static,DefaultJob,False,Default,Default,Default,Default,Default,Default,11111111,Empty,RyuJit,X64,8c5e7fda-e8bf-4a96-9a85-a6e23a8c635c,.NET Core 3.0,False,True,False,True,Default,Default,False,False,False,Default,Default,Default,Default,Default,Default,Default,1,Default,Default,Default,Default,Default,Default,Default,Default,16,Default,Syste(...)Time] [34],DeepRows,"10,971,055.719 ns","192,968.0286 ns","171,061.1311 ns","11,002,268.006 ns",1.00,0.00,109.3750,109.3750,109.3750,845679 B
Dynamic,DefaultJob,False,Default,Default,Default,Default,Default,Default,11111111,Empty,RyuJit,X64,8c5e7fda-e8bf-4a96-9a85-a6e23a8c635c,.NET Core 3.0,False,True,False,True,Default,Default,False,False,False,Default,Default,Default,Default,Default,Default,Default,1,Default,Default,Default,Default,Default,Default,Default,Default,16,Default,Syste(...)Time] [34],DeepRows,"22,529,004.992 ns","355,437.6369 ns","315,086.2071 ns","22,457,526.547 ns",2.05,0.03,93.7500,93.7500,93.7500,4124425 B
Static,DefaultJob,False,Default,Default,Default,Default,Default,Default,11111111,Empty,RyuJit,X64,8c5e7fda-e8bf-4a96-9a85-a6e23a8c635c,.NET Core 3.0,False,True,False,True,Default,Default,False,False,False,Default,Default,Default,Default,Default,Default,Default,1,Default,Default,Default,Default,Default,Default,Default,Default,16,Default,Syste(...)Time] [34],ShallowRows,"12,853.361 ns",77.6924 ns,72.6735 ns,"12,826.508 ns",1.00,0.00,0.0153,-,-,1856 B
Dynamic,DefaultJob,False,Default,Default,Default,Default,Default,Default,11111111,Empty,RyuJit,X64,8c5e7fda-e8bf-4a96-9a85-a6e23a8c635c,.NET Core 3.0,False,True,False,True,Default,Default,False,False,False,Default,Default,Default,Default,Default,Default,Default,1,Default,Default,Default,Default,Default,Default,Default,Default,16,Default,Syste(...)Time] [34],ShallowRows,"22,328.632 ns",61.6565 ns,57.6735 ns,"22,326.105 ns",1.74,0.01,0.0610,-,-,5304 B
Static,DefaultJob,False,Default,Default,Default,Default,Default,Default,11111111,Empty,RyuJit,X64,8c5e7fda-e8bf-4a96-9a85-a6e23a8c635c,.NET Core 3.0,False,True,False,True,Default,Default,False,False,False,Default,Default,Default,Default,Default,Default,Default,1,Default,Default,Default,Default,Default,Default,Default,Default,16,Default,Syste(...)imal] [33],DeepRows,"7,963,407.114 ns","45,010.5775 ns","39,900.7046 ns","7,973,419.242 ns",1.00,0.00,140.6250,140.6250,140.6250,1057254 B
Dynamic,DefaultJob,False,Default,Default,Default,Default,Default,Default,11111111,Empty,RyuJit,X64,8c5e7fda-e8bf-4a96-9a85-a6e23a8c635c,.NET Core 3.0,False,True,False,True,Default,Default,False,False,False,Default,Default,Default,Default,Default,Default,Default,1,Default,Default,Default,Default,Default,Default,Default,Default,16,Default,Syste(...)imal] [33],DeepRows,"19,345,340.038 ns","136,058.2966 ns","113,614.8398 ns","19,380,033.160 ns",2.43,0.02,156.2500,125.0000,125.0000,4616498 B
Static,DefaultJob,False,Default,Default,Default,Default,Default,Default,11111111,Empty,RyuJit,X64,8c5e7fda-e8bf-4a96-9a85-a6e23a8c635c,.NET Core 3.0,False,True,False,True,Default,Default,False,False,False,Default,Default,Default,Default,Default,Default,Default,1,Default,Default,Default,Default,Default,Default,Default,Default,16,Default,Syste(...)imal] [33],ShallowRows,"10,531.964 ns",24.2951 ns,20.2875 ns,"10,529.715 ns",1.00,0.00,0.0305,-,-,2056 B
Dynamic,DefaultJob,False,Default,Default,Default,Default,Default,Default,11111111,Empty,RyuJit,X64,8c5e7fda-e8bf-4a96-9a85-a6e23a8c635c,.NET Core 3.0,False,True,False,True,Default,Default,False,False,False,Default,Default,Default,Default,Default,Default,Default,1,Default,Default,Default,Default,Default,Default,Default,Default,16,Default,Syste(...)imal] [33],ShallowRows,"21,591.607 ns",423.5208 ns,453.1625 ns,"21,456.832 ns",2.05,0.05,0.0610,-,-,5672 B
Static,DefaultJob,False,Default,Default,Default,Default,Default,Default,11111111,Empty,RyuJit,X64,8c5e7fda-e8bf-4a96-9a85-a6e23a8c635c,.NET Core 3.0,False,True,False,True,Default,Default,False,False,False,Default,Default,Default,Default,Default,Default,Default,1,Default,Default,Default,Default,Default,Default,Default,Default,16,Default,Syste(...)uble] [32],DeepRows,"11,640,873.266 ns","37,358.1826 ns","29,166.8117 ns","11,643,456.152 ns",1.00,0.00,109.3750,109.3750,109.3750,845576 B
Dynamic,DefaultJob,False,Default,Default,Default,Default,Default,Default,11111111,Empty,RyuJit,X64,8c5e7fda-e8bf-4a96-9a85-a6e23a8c635c,.NET Core 3.0,False,True,False,True,Default,Default,False,False,False,Default,Default,Default,Default,Default,Default,Default,1,Default,Default,Default,Default,Default,Default,Default,Default,16,Default,Syste(...)uble] [32],DeepRows,"23,083,309.013 ns","106,776.8977 ns","94,654.9386 ns","23,103,572.063 ns",1.98,0.01,93.7500,93.7500,93.7500,4108815 B
Static,DefaultJob,False,Default,Default,Default,Default,Default,Default,11111111,Empty,RyuJit,X64,8c5e7fda-e8bf-4a96-9a85-a6e23a8c635c,.NET Core 3.0,False,True,False,True,Default,Default,False,False,False,Default,Default,Default,Default,Default,Default,Default,1,Default,Default,Default,Default,Default,Default,Default,Default,16,Default,Syste(...)uble] [32],ShallowRows,"14,805.305 ns",71.4121 ns,66.7990 ns,"14,776.269 ns",1.00,0.00,0.0153,-,-,1856 B
Dynamic,DefaultJob,False,Default,Default,Default,Default,Default,Default,11111111,Empty,RyuJit,X64,8c5e7fda-e8bf-4a96-9a85-a6e23a8c635c,.NET Core 3.0,False,True,False,True,Default,Default,False,False,False,Default,Default,Default,Default,Default,Default,Default,1,Default,Default,Default,Default,Default,Default,Default,Default,16,Default,Syste(...)uble] [32],ShallowRows,"26,053.641 ns",468.2906 ns,415.1274 ns,"26,194.989 ns",1.76,0.03,0.0610,-,-,5464 B
Static,DefaultJob,False,Default,Default,Default,Default,Default,Default,11111111,Empty,RyuJit,X64,8c5e7fda-e8bf-4a96-9a85-a6e23a8c635c,.NET Core 3.0,False,True,False,True,Default,Default,False,False,False,Default,Default,Default,Default,Default,Default,Default,1,Default,Default,Default,Default,Default,Default,Default,Default,16,Default,Syste(...)Guid] [30],DeepRows,"7,739,521.829 ns","13,850.2109 ns","12,277.8512 ns","7,742,263.984 ns",1.00,0.00,148.4375,140.6250,140.6250,1057163 B
Dynamic,DefaultJob,False,Default,Default,Default,Default,Default,Default,11111111,Empty,RyuJit,X64,8c5e7fda-e8bf-4a96-9a85-a6e23a8c635c,.NET Core 3.0,False,True,False,True,Default,Default,False,False,False,Default,Default,Default,Default,Default,Default,Default,1,Default,Default,Default,Default,Default,Default,Default,Default,16,Default,Syste(...)Guid] [30],DeepRows,"19,001,338.886 ns","304,257.7820 ns","284,602.9180 ns","18,937,263.145 ns",2.45,0.04,156.2500,125.0000,125.0000,4563666 B
Static,DefaultJob,False,Default,Default,Default,Default,Default,Default,11111111,Empty,RyuJit,X64,8c5e7fda-e8bf-4a96-9a85-a6e23a8c635c,.NET Core 3.0,False,True,False,True,Default,Default,False,False,False,Default,Default,Default,Default,Default,Default,Default,1,Default,Default,Default,Default,Default,Default,Default,Default,16,Default,Syste(...)Guid] [30],ShallowRows,"9,315.700 ns",22.8102 ns,20.2206 ns,"9,316.734 ns",1.00,0.00,0.0305,-,-,2056 B
Dynamic,DefaultJob,False,Default,Default,Default,Default,Default,Default,11111111,Empty,RyuJit,X64,8c5e7fda-e8bf-4a96-9a85-a6e23a8c635c,.NET Core 3.0,False,True,False,True,Default,Default,False,False,False,Default,Default,Default,Default,Default,Default,Default,1,Default,Default,Default,Default,Default,Default,Default,Default,16,Default,Syste(...)Guid] [30],ShallowRows,"17,318.992 ns",344.3191 ns,338.1674 ns,"17,392.700 ns",1.86,0.04,0.0610,-,-,5256 B
Static,DefaultJob,False,Default,Default,Default,Default,Default,Default,11111111,Empty,RyuJit,X64,8c5e7fda-e8bf-4a96-9a85-a6e23a8c635c,.NET Core 3.0,False,True,False,True,Default,Default,False,False,False,Default,Default,Default,Default,Default,Default,Default,1,Default,Default,Default,Default,Default,Default,Default,Default,16,Default,Syste(...)nt16] [31],DeepRows,"5,186,337.492 ns","10,031.2952 ns","8,892.4820 ns","5,187,391.133 ns",1.00,0.00,-,-,-,372400 B
Dynamic,DefaultJob,False,Default,Default,Default,Default,Default,Default,11111111,Empty,RyuJit,X64,8c5e7fda-e8bf-4a96-9a85-a6e23a8c635c,.NET Core 3.0,False,True,False,True,Default,Default,False,False,False,Default,Default,Default,Default,Default,Default,Default,1,Default,Default,Default,Default,Default,Default,Default,Default,16,Default,Syste(...)nt16] [31],DeepRows,"15,862,676.825 ns","307,250.0100 ns","420,567.2818 ns","16,063,563.378 ns",3.04,0.10,31.2500,-,-,3557024 B
Static,DefaultJob,False,Default,Default,Default,Default,Default,Default,11111111,Empty,RyuJit,X64,8c5e7fda-e8bf-4a96-9a85-a6e23a8c635c,.NET Core 3.0,False,True,False,True,Default,Default,False,False,False,Default,Default,Default,Default,Default,Default,Default,1,Default,Default,Default,Default,Default,Default,Default,Default,16,Default,Syste(...)nt16] [31],ShallowRows,"7,312.173 ns",25.2639 ns,21.0965 ns,"7,311.804 ns",1.00,0.00,0.0153,-,-,1432 B
Dynamic,DefaultJob,False,Default,Default,Default,Default,Default,Default,11111111,Empty,RyuJit,X64,8c5e7fda-e8bf-4a96-9a85-a6e23a8c635c,.NET Core 3.0,False,True,False,True,Default,Default,False,False,False,Default,Default,Default,Default,Default,Default,Default,1,Default,Default,Default,Default,Default,Default,Default,Default,16,Default,Syste(...)nt16] [31],ShallowRows,"15,414.178 ns",186.4599 ns,155.7024 ns,"15,373.573 ns",2.11,0.02,0.0610,-,-,4968 B
Static,DefaultJob,False,Default,Default,Default,Default,Default,Default,11111111,Empty,RyuJit,X64,8c5e7fda-e8bf-4a96-9a85-a6e23a8c635c,.NET Core 3.0,False,True,False,True,Default,Default,False,False,False,Default,Default,Default,Default,Default,Default,Default,1,Default,Default,Default,Default,Default,Default,Default,Default,16,Default,Syste(...)nt32] [31],DeepRows,"6,076,940.033 ns","114,417.1829 ns","112,372.9725 ns","6,121,147.104 ns",1.00,0.00,39.0625,39.0625,39.0625,503456 B
Dynamic,DefaultJob,False,Default,Default,Default,Default,Default,Default,11111111,Empty,RyuJit,X64,8c5e7fda-e8bf-4a96-9a85-a6e23a8c635c,.NET Core 3.0,False,True,False,True,Default,Default,False,False,False,Default,Default,Default,Default,Default,Default,Default,1,Default,Default,Default,Default,Default,Default,Default,Default,16,Default,Syste(...)nt32] [31],DeepRows,"15,698,646.087 ns","202,913.3149 ns","179,877.3684 ns","15,743,868.304 ns",2.59,0.07,62.5000,31.2500,31.2500,3702484 B
Static,DefaultJob,False,Default,Default,Default,Default,Default,Default,11111111,Empty,RyuJit,X64,8c5e7fda-e8bf-4a96-9a85-a6e23a8c635c,.NET Core 3.0,False,True,False,True,Default,Default,False,False,False,Default,Default,Default,Default,Default,Default,Default,1,Default,Default,Default,Default,Default,Default,Default,Default,16,Default,Syste(...)nt32] [31],ShallowRows,"8,272.948 ns",164.7627 ns,261.3311 ns,"8,183.794 ns",1.00,0.00,0.0153,-,-,1544 B
Dynamic,DefaultJob,False,Default,Default,Default,Default,Default,Default,11111111,Empty,RyuJit,X64,8c5e7fda-e8bf-4a96-9a85-a6e23a8c635c,.NET Core 3.0,False,True,False,True,Default,Default,False,False,False,Default,Default,Default,Default,Default,Default,Default,1,Default,Default,Default,Default,Default,Default,Default,Default,16,Default,Syste(...)nt32] [31],ShallowRows,"19,222.295 ns",379.0549 ns,567.3515 ns,"19,342.888 ns",2.32,0.10,0.0610,-,-,5400 B
Static,DefaultJob,False,Default,Default,Default,Default,Default,Default,11111111,Empty,RyuJit,X64,8c5e7fda-e8bf-4a96-9a85-a6e23a8c635c,.NET Core 3.0,False,True,False,True,Default,Default,False,False,False,Default,Default,Default,Default,Default,Default,Default,1,Default,Default,Default,Default,Default,Default,Default,Default,16,Default,Syste(...)nt64] [31],DeepRows,"6,312,969.803 ns","48,826.6653 ns","45,672.4930 ns","6,315,646.958 ns",1.00,0.00,117.1875,117.1875,117.1875,845600 B
Dynamic,DefaultJob,False,Default,Default,Default,Default,Default,Default,11111111,Empty,RyuJit,X64,8c5e7fda-e8bf-4a96-9a85-a6e23a8c635c,.NET Core 3.0,False,True,False,True,Default,Default,False,False,False,Default,Default,Default,Default,Default,Default,Default,1,Default,Default,Default,Default,Default,Default,Default,Default,16,Default,Syste(...)nt64] [31],DeepRows,"17,307,300.713 ns","47,749.6864 ns","44,665.0862 ns","17,307,987.427 ns",2.74,0.02,93.7500,93.7500,93.7500,4108935 B
Static,DefaultJob,False,Default,Default,Default,Default,Default,Default,11111111,Empty,RyuJit,X64,8c5e7fda-e8bf-4a96-9a85-a6e23a8c635c,.NET Core 3.0,False,True,False,True,Default,Default,False,False,False,Default,Default,Default,Default,Default,Default,Default,1,Default,Default,Default,Default,Default,Default,Default,Default,16,Default,Syste(...)nt64] [31],ShallowRows,"8,303.100 ns",61.2359 ns,47.8089 ns,"8,319.455 ns",1.00,0.00,0.0153,-,-,1856 B
Dynamic,DefaultJob,False,Default,Default,Default,Default,Default,Default,11111111,Empty,RyuJit,X64,8c5e7fda-e8bf-4a96-9a85-a6e23a8c635c,.NET Core 3.0,False,True,False,True,Default,Default,False,False,False,Default,Default,Default,Default,Default,Default,Default,1,Default,Default,Default,Default,Default,Default,Default,Default,16,Default,Syste(...)nt64] [31],ShallowRows,"18,098.070 ns",154.1405 ns,136.6415 ns,"18,127.167 ns",2.18,0.02,0.0610,-,-,5464 B
Static,DefaultJob,False,Default,Default,Default,Default,Default,Default,11111111,Empty,RyuJit,X64,8c5e7fda-e8bf-4a96-9a85-a6e23a8c635c,.NET Core 3.0,False,True,False,True,Default,Default,False,False,False,Default,Default,Default,Default,Default,Default,Default,1,Default,Default,Default,Default,Default,Default,Default,Default,16,Default,Syste(...)Byte] [31],DeepRows,"5,069,881.145 ns","101,136.4886 ns","94,603.1341 ns","5,092,894.486 ns",1.00,0.00,-,-,-,306872 B
Dynamic,DefaultJob,False,Default,Default,Default,Default,Default,Default,11111111,Empty,RyuJit,X64,8c5e7fda-e8bf-4a96-9a85-a6e23a8c635c,.NET Core 3.0,False,True,False,True,Default,Default,False,False,False,Default,Default,Default,Default,Default,Default,Default,1,Default,Default,Default,Default,Default,Default,Default,Default,16,Default,Syste(...)Byte] [31],DeepRows,"14,438,307.197 ns","103,585.7335 ns","96,894.1593 ns","14,438,617.658 ns",2.85,0.06,46.8750,15.6250,-,3500126 B
Static,DefaultJob,False,Default,Default,Default,Default,Default,Default,11111111,Empty,RyuJit,X64,8c5e7fda-e8bf-4a96-9a85-a6e23a8c635c,.NET Core 3.0,False,True,False,True,Default,Default,False,False,False,Default,Default,Default,Default,Default,Default,Default,1,Default,Default,Default,Default,Default,Default,Default,Default,16,Default,Syste(...)Byte] [31],ShallowRows,"7,614.809 ns",40.8839 ns,38.2428 ns,"7,630.563 ns",1.00,0.00,0.0153,-,-,1376 B
Dynamic,DefaultJob,False,Default,Default,Default,Default,Default,Default,11111111,Empty,RyuJit,X64,8c5e7fda-e8bf-4a96-9a85-a6e23a8c635c,.NET Core 3.0,False,True,False,True,Default,Default,False,False,False,Default,Default,Default,Default,Default,Default,Default,1,Default,Default,Default,Default,Default,Default,Default,Default,16,Default,Syste(...)Byte] [31],ShallowRows,"17,149.097 ns",103.9392 ns,86.7939 ns,"17,142.465 ns",2.25,0.01,0.0610,-,-,5392 B
Static,DefaultJob,False,Default,Default,Default,Default,Default,Default,11111111,Empty,RyuJit,X64,8c5e7fda-e8bf-4a96-9a85-a6e23a8c635c,.NET Core 3.0,False,True,False,True,Default,Default,False,False,False,Default,Default,Default,Default,Default,Default,Default,1,Default,Default,Default,Default,Default,Default,Default,Default,16,Default,Syste(...)ngle] [32],DeepRows,"7,453,872.667 ns","109,167.6971 ns","91,159.9713 ns","7,483,975.308 ns",1.00,0.00,39.0625,39.0625,39.0625,503456 B
Dynamic,DefaultJob,False,Default,Default,Default,Default,Default,Default,11111111,Empty,RyuJit,X64,8c5e7fda-e8bf-4a96-9a85-a6e23a8c635c,.NET Core 3.0,False,True,False,True,Default,Default,False,False,False,Default,Default,Default,Default,Default,Default,Default,1,Default,Default,Default,Default,Default,Default,Default,Default,16,Default,Syste(...)ngle] [32],DeepRows,"17,947,526.021 ns","140,860.0369 ns","131,760.5659 ns","17,965,949.688 ns",2.41,0.03,62.5000,31.2500,31.2500,3896275 B
Static,DefaultJob,False,Default,Default,Default,Default,Default,Default,11111111,Empty,RyuJit,X64,8c5e7fda-e8bf-4a96-9a85-a6e23a8c635c,.NET Core 3.0,False,True,False,True,Default,Default,False,False,False,Default,Default,Default,Default,Default,Default,Default,1,Default,Default,Default,Default,Default,Default,Default,Default,16,Default,Syste(...)ngle] [32],ShallowRows,"11,294.643 ns",56.0945 ns,49.7263 ns,"11,301.247 ns",1.00,0.00,0.0153,-,-,1544 B
Dynamic,DefaultJob,False,Default,Default,Default,Default,Default,Default,11111111,Empty,RyuJit,X64,8c5e7fda-e8bf-4a96-9a85-a6e23a8c635c,.NET Core 3.0,False,True,False,True,Default,Default,False,False,False,Default,Default,Default,Default,Default,Default,Default,1,Default,Default,Default,Default,Default,Default,Default,Default,16,Default,Syste(...)ngle] [32],ShallowRows,"22,214.604 ns",178.2059 ns,166.6939 ns,"22,248.726 ns",1.97,0.02,0.0610,-,-,5472 B
Static,DefaultJob,False,Default,Default,Default,Default,Default,Default,11111111,Empty,RyuJit,X64,8c5e7fda-e8bf-4a96-9a85-a6e23a8c635c,.NET Core 3.0,False,True,False,True,Default,Default,False,False,False,Default,Default,Default,Default,Default,Default,Default,1,Default,Default,Default,Default,Default,Default,Default,Default,16,Default,Syste(...)nt16] [32],DeepRows,"5,309,297.881 ns","56,370.5861 ns","49,971.0563 ns","5,323,346.582 ns",1.00,0.00,-,-,-,372400 B
Dynamic,DefaultJob,False,Default,Default,Default,Default,Default,Default,11111111,Empty,RyuJit,X64,8c5e7fda-e8bf-4a96-9a85-a6e23a8c635c,.NET Core 3.0,False,True,False,True,Default,Default,False,False,False,Default,Default,Default,Default,Default,Default,Default,1,Default,Default,Default,Default,Default,Default,Default,Default,16,Default,Syste(...)nt16] [32],DeepRows,"14,231,498.963 ns","36,536.8875 ns","30,509.9558 ns","14,226,688.329 ns",2.68,0.03,46.8750,15.6250,-,3557024 B
Static,DefaultJob,False,Default,Default,Default,Default,Default,Default,11111111,Empty,RyuJit,X64,8c5e7fda-e8bf-4a96-9a85-a6e23a8c635c,.NET Core 3.0,False,True,False,True,Default,Default,False,False,False,Default,Default,Default,Default,Default,Default,Default,1,Default,Default,Default,Default,Default,Default,Default,Default,16,Default,Syste(...)nt16] [32],ShallowRows,"7,343.177 ns",102.3791 ns,95.7655 ns,"7,375.846 ns",1.00,0.00,0.0153,-,-,1432 B
Dynamic,DefaultJob,False,Default,Default,Default,Default,Default,Default,11111111,Empty,RyuJit,X64,8c5e7fda-e8bf-4a96-9a85-a6e23a8c635c,.NET Core 3.0,False,True,False,True,Default,Default,False,False,False,Default,Default,Default,Default,Default,Default,Default,1,Default,Default,Default,Default,Default,Default,Default,Default,16,Default,Syste(...)nt16] [32],ShallowRows,"15,292.896 ns",104.9513 ns,98.1715 ns,"15,327.740 ns",2.08,0.03,0.0610,-,-,4968 B
Static,DefaultJob,False,Default,Default,Default,Default,Default,Default,11111111,Empty,RyuJit,X64,8c5e7fda-e8bf-4a96-9a85-a6e23a8c635c,.NET Core 3.0,False,True,False,True,Default,Default,False,False,False,Default,Default,Default,Default,Default,Default,Default,1,Default,Default,Default,Default,Default,Default,Default,Default,16,Default,Syste(...)nt32] [32],DeepRows,"5,641,681.786 ns","108,258.8177 ns","106,324.6344 ns","5,627,518.122 ns",1.00,0.00,39.0625,39.0625,39.0625,503456 B
Dynamic,DefaultJob,False,Default,Default,Default,Default,Default,Default,11111111,Empty,RyuJit,X64,8c5e7fda-e8bf-4a96-9a85-a6e23a8c635c,.NET Core 3.0,False,True,False,True,Default,Default,False,False,False,Default,Default,Default,Default,Default,Default,Default,1,Default,Default,Default,Default,Default,Default,Default,Default,16,Default,Syste(...)nt32] [32],DeepRows,"15,047,651.122 ns","47,309.9806 ns","41,939.0656 ns","15,041,850.476 ns",2.66,0.05,62.5000,31.2500,31.2500,3702484 B
Static,DefaultJob,False,Default,Default,Default,Default,Default,Default,11111111,Empty,RyuJit,X64,8c5e7fda-e8bf-4a96-9a85-a6e23a8c635c,.NET Core 3.0,False,True,False,True,Default,Default,False,False,False,Default,Default,Default,Default,Default,Default,Default,1,Default,Default,Default,Default,Default,Default,Default,Default,16,Default,Syste(...)nt32] [32],ShallowRows,"7,859.696 ns",78.6201 ns,61.3814 ns,"7,881.648 ns",1.00,0.00,0.0153,-,-,1544 B
Dynamic,DefaultJob,False,Default,Default,Default,Default,Default,Default,11111111,Empty,RyuJit,X64,8c5e7fda-e8bf-4a96-9a85-a6e23a8c635c,.NET Core 3.0,False,True,False,True,Default,Default,False,False,False,Default,Default,Default,Default,Default,Default,Default,1,Default,Default,Default,Default,Default,Default,Default,Default,16,Default,Syste(...)nt32] [32],ShallowRows,"17,510.608 ns",106.5728 ns,94.4740 ns,"17,511.894 ns",2.23,0.02,0.0610,-,-,5400 B
Static,DefaultJob,False,Default,Default,Default,Default,Default,Default,11111111,Empty,RyuJit,X64,8c5e7fda-e8bf-4a96-9a85-a6e23a8c635c,.NET Core 3.0,False,True,False,True,Default,Default,False,False,False,Default,Default,Default,Default,Default,Default,Default,1,Default,Default,Default,Default,Default,Default,Default,Default,16,Default,Syste(...)nt64] [32],DeepRows,"6,335,081.061 ns","14,802.4777 ns","13,122.0109 ns","6,335,682.450 ns",1.00,0.00,117.1875,117.1875,117.1875,845576 B
Dynamic,DefaultJob,False,Default,Default,Default,Default,Default,Default,11111111,Empty,RyuJit,X64,8c5e7fda-e8bf-4a96-9a85-a6e23a8c635c,.NET Core 3.0,False,True,False,True,Default,Default,False,False,False,Default,Default,Default,Default,Default,Default,Default,1,Default,Default,Default,Default,Default,Default,Default,Default,16,Default,Syste(...)nt64] [32],DeepRows,"16,775,614.013 ns","63,835.9636 ns","59,712.2000 ns","16,777,864.953 ns",2.65,0.01,93.7500,93.7500,93.7500,4108999 B
Static,DefaultJob,False,Default,Default,Default,Default,Default,Default,11111111,Empty,RyuJit,X64,8c5e7fda-e8bf-4a96-9a85-a6e23a8c635c,.NET Core 3.0,False,True,False,True,Default,Default,False,False,False,Default,Default,Default,Default,Default,Default,Default,1,Default,Default,Default,Default,Default,Default,Default,Default,16,Default,Syste(...)nt64] [32],ShallowRows,"8,724.979 ns",63.2166 ns,52.7887 ns,"8,741.235 ns",1.00,0.00,0.0153,-,-,1856 B
Dynamic,DefaultJob,False,Default,Default,Default,Default,Default,Default,11111111,Empty,RyuJit,X64,8c5e7fda-e8bf-4a96-9a85-a6e23a8c635c,.NET Core 3.0,False,True,False,True,Default,Default,False,False,False,Default,Default,Default,Default,Default,Default,Default,1,Default,Default,Default,Default,Default,Default,Default,Default,16,Default,Syste(...)nt64] [32],ShallowRows,"17,773.836 ns",100.1365 ns,88.7684 ns,"17,772.315 ns",2.04,0.01,0.0610,-,-,5464 B
Static,DefaultJob,False,Default,Default,Default,Default,Default,Default,11111111,Empty,RyuJit,X64,8c5e7fda-e8bf-4a96-9a85-a6e23a8c635c,.NET Core 3.0,False,True,False,True,Default,Default,False,False,False,Default,Default,Default,Default,Default,Default,Default,1,Default,Default,Default,Default,Default,Default,Default,Default,16,Default,System.SByte,DeepRows,"6,227,669.645 ns","122,159.9006 ns","154,493.1603 ns","6,297,663.898 ns",1.00,0.00,-,-,-,274112 B
Dynamic,DefaultJob,False,Default,Default,Default,Default,Default,Default,11111111,Empty,RyuJit,X64,8c5e7fda-e8bf-4a96-9a85-a6e23a8c635c,.NET Core 3.0,False,True,False,True,Default,Default,False,False,False,Default,Default,Default,Default,Default,Default,Default,1,Default,Default,Default,Default,Default,Default,Default,Default,16,Default,System.SByte,DeepRows,"13,772,569.547 ns","126,786.0812 ns","98,986.2325 ns","13,749,284.502 ns",2.20,0.07,31.2500,15.6250,-,2991490 B
Static,DefaultJob,False,Default,Default,Default,Default,Default,Default,11111111,Empty,RyuJit,X64,8c5e7fda-e8bf-4a96-9a85-a6e23a8c635c,.NET Core 3.0,False,True,False,True,Default,Default,False,False,False,Default,Default,Default,Default,Default,Default,Default,1,Default,Default,Default,Default,Default,Default,Default,Default,16,Default,System.SByte,ShallowRows,"7,954.593 ns",48.8798 ns,43.3306 ns,"7,951.162 ns",1.00,0.00,0.0153,-,-,1352 B
Dynamic,DefaultJob,False,Default,Default,Default,Default,Default,Default,11111111,Empty,RyuJit,X64,8c5e7fda-e8bf-4a96-9a85-a6e23a8c635c,.NET Core 3.0,False,True,False,True,Default,Default,False,False,False,Default,Default,Default,Default,Default,Default,Default,1,Default,Default,Default,Default,Default,Default,Default,Default,16,Default,System.SByte,ShallowRows,"14,397.930 ns",158.0623 ns,147.8516 ns,"14,429.211 ns",1.81,0.02,0.0610,-,-,4408 B
Static,DefaultJob,False,Default,Default,Default,Default,Default,Default,11111111,Empty,RyuJit,X64,8c5e7fda-e8bf-4a96-9a85-a6e23a8c635c,.NET Core 3.0,False,True,False,True,Default,Default,False,False,False,Default,Default,Default,Default,Default,Default,Default,1,Default,Default,Default,Default,Default,Default,Default,Default,16,Default,System.Single,DeepRows,"10,484,871.839 ns","74,642.3947 ns","58,275.8720 ns","10,479,766.205 ns",1.00,0.00,-,-,-,372400 B
Dynamic,DefaultJob,False,Default,Default,Default,Default,Default,Default,11111111,Empty,RyuJit,X64,8c5e7fda-e8bf-4a96-9a85-a6e23a8c635c,.NET Core 3.0,False,True,False,True,Default,Default,False,False,False,Default,Default,Default,Default,Default,Default,Default,1,Default,Default,Default,Default,Default,Default,Default,Default,16,Default,System.Single,DeepRows,"20,090,217.977 ns","344,404.9382 ns","305,306.0070 ns","20,062,020.123 ns",1.92,0.03,31.2500,-,-,3484181 B
Static,DefaultJob,False,Default,Default,Default,Default,Default,Default,11111111,Empty,RyuJit,X64,8c5e7fda-e8bf-4a96-9a85-a6e23a8c635c,.NET Core 3.0,False,True,False,True,Default,Default,False,False,False,Default,Default,Default,Default,Default,Default,Default,1,Default,Default,Default,Default,Default,Default,Default,Default,16,Default,System.Single,ShallowRows,"13,008.107 ns",31.8872 ns,26.6272 ns,"12,999.197 ns",1.00,0.00,0.0153,-,-,1432 B
Dynamic,DefaultJob,False,Default,Default,Default,Default,Default,Default,11111111,Empty,RyuJit,X64,8c5e7fda-e8bf-4a96-9a85-a6e23a8c635c,.NET Core 3.0,False,True,False,True,Default,Default,False,False,False,Default,Default,Default,Default,Default,Default,Default,1,Default,Default,Default,Default,Default,Default,Default,Default,16,Default,System.Single,ShallowRows,"20,123.959 ns",266.1262 ns,222.2274 ns,"20,182.827 ns",1.55,0.02,0.0610,-,-,4584 B
Static,DefaultJob,False,Default,Default,Default,Default,Default,Default,11111111,Empty,RyuJit,X64,8c5e7fda-e8bf-4a96-9a85-a6e23a8c635c,.NET Core 3.0,False,True,False,True,Default,Default,False,False,False,Default,Default,Default,Default,Default,Default,Default,1,Default,Default,Default,Default,Default,Default,Default,Default,16,Default,System.String,DeepRows,"7,599,295.728 ns","138,636.7644 ns","129,680.9154 ns","7,653,011.754 ns",1.00,0.00,39.0625,39.0625,39.0625,934864 B
Dynamic,DefaultJob,False,Default,Default,Default,Default,Default,Default,11111111,Empty,RyuJit,X64,8c5e7fda-e8bf-4a96-9a85-a6e23a8c635c,.NET Core 3.0,False,True,False,True,Default,Default,False,False,False,Default,Default,Default,Default,Default,Default,Default,1,Default,Default,Default,Default,Default,Default,Default,Default,16,Default,System.String,DeepRows,"21,870,745.782 ns","199,773.5417 ns","177,094.0413 ns","21,831,545.822 ns",2.88,0.05,93.7500,62.5000,31.2500,6230739 B
Static,DefaultJob,False,Default,Default,Default,Default,Default,Default,11111111,Empty,RyuJit,X64,8c5e7fda-e8bf-4a96-9a85-a6e23a8c635c,.NET Core 3.0,False,True,False,True,Default,Default,False,False,False,Default,Default,Default,Default,Default,Default,Default,1,Default,Default,Default,Default,Default,Default,Default,Default,16,Default,System.String,ShallowRows,"8,000.855 ns",63.0195 ns,58.9485 ns,"8,001.546 ns",1.00,0.00,0.0153,-,-,1808 B
Dynamic,DefaultJob,False,Default,Default,Default,Default,Default,Default,11111111,Empty,RyuJit,X64,8c5e7fda-e8bf-4a96-9a85-a6e23a8c635c,.NET Core 3.0,False,True,False,True,Default,Default,False,False,False,Default,Default,Default,Default,Default,Default,Default,1,Default,Default,Default,Default,Default,Default,Default,Default,16,Default,System.String,ShallowRows,"14,073.856 ns",98.7279 ns,92.3502 ns,"14,100.803 ns",1.76,0.02,0.0763,-,-,5488 B
Static,DefaultJob,False,Default,Default,Default,Default,Default,Default,11111111,Empty,RyuJit,X64,8c5e7fda-e8bf-4a96-9a85-a6e23a8c635c,.NET Core 3.0,False,True,False,True,Default,Default,False,False,False,Default,Default,Default,Default,Default,Default,Default,1,Default,Default,Default,Default,Default,Default,Default,Default,16,Default,System.UInt16,DeepRows,"6,166,409.046 ns","15,724.7162 ns","12,276.8241 ns","6,165,221.175 ns",1.00,0.00,-,-,-,306872 B
Dynamic,DefaultJob,False,Default,Default,Default,Default,Default,Default,11111111,Empty,RyuJit,X64,8c5e7fda-e8bf-4a96-9a85-a6e23a8c635c,.NET Core 3.0,False,True,False,True,Default,Default,False,False,False,Default,Default,Default,Default,Default,Default,Default,1,Default,Default,Default,Default,Default,Default,Default,Default,16,Default,System.UInt16,DeepRows,"14,437,814.857 ns","236,964.8323 ns","197,876.3672 ns","14,474,873.678 ns",2.34,0.03,31.2500,15.6250,-,3024250 B
Static,DefaultJob,False,Default,Default,Default,Default,Default,Default,11111111,Empty,RyuJit,X64,8c5e7fda-e8bf-4a96-9a85-a6e23a8c635c,.NET Core 3.0,False,True,False,True,Default,Default,False,False,False,Default,Default,Default,Default,Default,Default,Default,1,Default,Default,Default,Default,Default,Default,Default,Default,16,Default,System.UInt16,ShallowRows,"8,357.224 ns",47.6825 ns,37.2274 ns,"8,360.244 ns",1.00,0.00,0.0153,-,-,1376 B
Dynamic,DefaultJob,False,Default,Default,Default,Default,Default,Default,11111111,Empty,RyuJit,X64,8c5e7fda-e8bf-4a96-9a85-a6e23a8c635c,.NET Core 3.0,False,True,False,True,Default,Default,False,False,False,Default,Default,Default,Default,Default,Default,Default,1,Default,Default,Default,Default,Default,Default,Default,Default,16,Default,System.UInt16,ShallowRows,"14,612.295 ns",192.0106 ns,170.2124 ns,"14,651.452 ns",1.75,0.02,0.0610,-,-,4432 B
Static,DefaultJob,False,Default,Default,Default,Default,Default,Default,11111111,Empty,RyuJit,X64,8c5e7fda-e8bf-4a96-9a85-a6e23a8c635c,.NET Core 3.0,False,True,False,True,Default,Default,False,False,False,Default,Default,Default,Default,Default,Default,Default,1,Default,Default,Default,Default,Default,Default,Default,Default,16,Default,System.UInt32,DeepRows,"6,754,192.603 ns","64,464.7049 ns","50,329.8013 ns","6,752,768.546 ns",1.00,0.00,-,-,-,372400 B
Dynamic,DefaultJob,False,Default,Default,Default,Default,Default,Default,11111111,Empty,RyuJit,X64,8c5e7fda-e8bf-4a96-9a85-a6e23a8c635c,.NET Core 3.0,False,True,False,True,Default,Default,False,False,False,Default,Default,Default,Default,Default,Default,Default,1,Default,Default,Default,Default,Default,Default,Default,Default,16,Default,System.UInt32,DeepRows,"15,225,432.506 ns","144,039.4622 ns","134,734.6024 ns","15,261,058.148 ns",2.26,0.02,31.2500,15.6250,-,3089778 B
Static,DefaultJob,False,Default,Default,Default,Default,Default,Default,11111111,Empty,RyuJit,X64,8c5e7fda-e8bf-4a96-9a85-a6e23a8c635c,.NET Core 3.0,False,True,False,True,Default,Default,False,False,False,Default,Default,Default,Default,Default,Default,Default,1,Default,Default,Default,Default,Default,Default,Default,Default,16,Default,System.UInt32,ShallowRows,"8,946.170 ns",50.9423 ns,42.5391 ns,"8,934.162 ns",1.00,0.00,0.0153,-,-,1432 B
Dynamic,DefaultJob,False,Default,Default,Default,Default,Default,Default,11111111,Empty,RyuJit,X64,8c5e7fda-e8bf-4a96-9a85-a6e23a8c635c,.NET Core 3.0,False,True,False,True,Default,Default,False,False,False,Default,Default,Default,Default,Default,Default,Default,1,Default,Default,Default,Default,Default,Default,Default,Default,16,Default,System.UInt32,ShallowRows,"15,287.538 ns",218.6507 ns,204.5260 ns,"15,307.989 ns",1.71,0.03,0.0610,-,-,4488 B
Static,DefaultJob,False,Default,Default,Default,Default,Default,Default,11111111,Empty,RyuJit,X64,8c5e7fda-e8bf-4a96-9a85-a6e23a8c635c,.NET Core 3.0,False,True,False,True,Default,Default,False,False,False,Default,Default,Default,Default,Default,Default,Default,1,Default,Default,Default,Default,Default,Default,Default,Default,16,Default,System.UInt64,DeepRows,"7,954,393.335 ns","36,771.6492 ns","32,597.1092 ns","7,957,021.381 ns",1.00,0.00,31.2500,31.2500,31.2500,503501 B
Dynamic,DefaultJob,False,Default,Default,Default,Default,Default,Default,11111111,Empty,RyuJit,X64,8c5e7fda-e8bf-4a96-9a85-a6e23a8c635c,.NET Core 3.0,False,True,False,True,Default,Default,False,False,False,Default,Default,Default,Default,Default,Default,Default,1,Default,Default,Default,Default,Default,Default,Default,Default,16,Default,System.UInt64,DeepRows,"16,658,522.324 ns","236,424.0749 ns","221,151.2264 ns","16,652,122.316 ns",2.09,0.03,62.5000,31.2500,31.2500,3538948 B
Static,DefaultJob,False,Default,Default,Default,Default,Default,Default,11111111,Empty,RyuJit,X64,8c5e7fda-e8bf-4a96-9a85-a6e23a8c635c,.NET Core 3.0,False,True,False,True,Default,Default,False,False,False,Default,Default,Default,Default,Default,Default,Default,1,Default,Default,Default,Default,Default,Default,Default,Default,16,Default,System.UInt64,ShallowRows,"10,133.920 ns",68.8436 ns,61.0280 ns,"10,098.503 ns",1.00,0.00,0.0153,-,-,1544 B
Dynamic,DefaultJob,False,Default,Default,Default,Default,Default,Default,11111111,Empty,RyuJit,X64,8c5e7fda-e8bf-4a96-9a85-a6e23a8c635c,.NET Core 3.0,False,True,False,True,Default,Default,False,False,False,Default,Default,Default,Default,Default,Default,Default,1,Default,Default,Default,Default,Default,Default,Default,Default,16,Default,System.UInt64,ShallowRows,"16,778.432 ns",331.6276 ns,496.3645 ns,"16,984.432 ns",1.66,0.05,0.0610,-,-,4600 B
Static,DefaultJob,False,Default,Default,Default,Default,Default,Default,11111111,Empty,RyuJit,X64,8c5e7fda-e8bf-4a96-9a85-a6e23a8c635c,.NET Core 3.0,False,True,False,True,Default,Default,False,False,False,Default,Default,Default,Default,Default,Default,Default,1,Default,Default,Default,Default,Default,Default,Default,Default,16,Default,System.Uri,DeepRows,"14,536,321.805 ns","286,021.0523 ns","571,214.9470 ns","14,263,999.092 ns",1.00,0.00,31.2500,15.6250,15.6250,2207707 B
Dynamic,DefaultJob,False,Default,Default,Default,Default,Default,Default,11111111,Empty,RyuJit,X64,8c5e7fda-e8bf-4a96-9a85-a6e23a8c635c,.NET Core 3.0,False,True,False,True,Default,Default,False,False,False,Default,Default,Default,Default,Default,Default,Default,1,Default,Default,Default,Default,Default,Default,Default,Default,16,Default,System.Uri,DeepRows,"36,702,718.633 ns","750,475.9459 ns","2,201,016.0370 ns","37,177,511.222 ns",2.53,0.17,71.4286,-,-,9212553 B
Static,DefaultJob,False,Default,Default,Default,Default,Default,Default,11111111,Empty,RyuJit,X64,8c5e7fda-e8bf-4a96-9a85-a6e23a8c635c,.NET Core 3.0,False,True,False,True,Default,Default,False,False,False,Default,Default,Default,Default,Default,Default,Default,1,Default,Default,Default,Default,Default,Default,Default,Default,16,Default,System.Uri,ShallowRows,"15,581.894 ns",139.7265 ns,130.7003 ns,"15,603.335 ns",1.00,0.00,0.0305,-,-,3160 B
Dynamic,DefaultJob,False,Default,Default,Default,Default,Default,Default,11111111,Empty,RyuJit,X64,8c5e7fda-e8bf-4a96-9a85-a6e23a8c635c,.NET Core 3.0,False,True,False,True,Default,Default,False,False,False,Default,Default,Default,Default,Default,Default,Default,1,Default,Default,Default,Default,Default,Default,Default,Default,16,Default,System.Uri,ShallowRows,"30,087.270 ns",587.6360 ns,879.5460 ns,"29,677.526 ns",1.95,0.07,0.1221,-,-,9680 B
